step,type,amount,nameOrig,oldbalanceOrg,newbalanceOrig,nameDest,oldbalanceDest,newbalanceDest,isFraud,isFlaggedFraud
47,PAYMENT,9196.27,C137629485,0.0,0.0,M217553159,0.0,0.0,0,0
14,PAYMENT,3034.51,C791854331,20100.0,17065.49,M1121219741,0.0,0.0,0,0
33,TRANSFER,1448630.38,C101899927,1448630.38,0.0,C679483948,0.0,0.0,1,0
182,PAYMENT,13291.98,C1669577940,30834.0,17542.02,M1652764634,0.0,0.0,0,0
695,CASH_IN,262911.91,C2030502128,9679441.56,9942353.48,C133318643,2288008.62,2025096.71,0,0
16,CASH_OUT,48067.0,C737838720,20643.0,0.0,C347633256,2690985.01,2739052.01,0,0
356,PAYMENT,13452.07,C1910555806,20235.0,6782.93,M1846288083,0.0,0.0,0,0
189,CASH_IN,49799.81,C1517990352,83843.0,133642.81,C263967829,5111.94,0.0,0,0
258,PAYMENT,22437.38,C1108682603,0.0,0.0,M699261863,0.0,0.0,0,0
322,CASH_OUT,9208368.83,C1490382663,9208368.83,0.0,C601562346,115423.33,9323792.17,1,0
308,PAYMENT,30031.54,C1500864247,100489.0,70457.46,M1318274686,0.0,0.0,0,0
16,CASH_OUT,8557.43,C1450461522,0.0,0.0,C675104605,169694.17,283463.58,0,0
396,CASH_IN,120103.42,C321511704,0.0,120103.42,C64073020,603506.55,483403.13,0,0
211,PAYMENT,5830.37,C1571118812,140191.3,134360.94,M497563870,0.0,0.0,0,0
346,PAYMENT,30153.26,C1165795580,103366.0,73212.74,M709480403,0.0,0.0,0,0
8,CASH_OUT,1996.17,C858959216,1996.17,0.0,C864078397,2559.74,4555.92,1,0
254,CASH_OUT,272633.8,C1139690834,0.0,0.0,C788728398,830627.35,1103261.15,0,0
249,PAYMENT,5455.08,C699519198,0.0,0.0,M82416538,0.0,0.0,0,0
356,CASH_IN,192984.31,C994656771,42897.0,235881.31,C1734753839,2026711.21,1833726.9,0,0
231,CASH_IN,85408.44,C1916241984,726464.75,811873.19,C160933819,1131861.22,1046452.78,0,0
42,CASH_OUT,29579.08,C676672657,0.0,0.0,C1381493119,3929572.06,3959151.14,0,0
225,PAYMENT,1743.26,C1807996775,38636.0,36892.74,M154610056,0.0,0.0,0,0
41,CASH_IN,333253.15,C999247430,221272.0,554525.15,C830922963,0.0,0.0,0,0
346,PAYMENT,11293.22,C1486500071,332643.37,321350.15,M4371450,0.0,0.0,0,0
39,PAYMENT,1305.25,C1095541694,118.0,0.0,M911743670,0.0,0.0,0,0
93,CASH_OUT,93126.66,C2006232183,256.0,0.0,C1325957065,0.0,93126.66,0,0
231,CASH_OUT,256047.4,C439574175,0.0,0.0,C942187591,9083378.56,9339425.96,0,0
331,CASH_IN,264856.86,C1649240044,6703900.23,6968757.09,C309555938,1314152.81,1049295.95,0,0
278,CASH_OUT,132594.45,C367242728,0.0,0.0,C390573182,636692.65,769287.1,0,0
43,PAYMENT,11161.18,C382623279,57424.48,46263.3,M1129357802,0.0,0.0,0,0
354,TRANSFER,222294.46,C471927008,0.0,0.0,C1073123945,11375134.94,11597429.41,0,0
298,CASH_OUT,194146.0,C929818056,10842.0,0.0,C1575101872,441323.95,635469.95,0,0
208,CASH_OUT,32076.93,C654899531,0.0,0.0,C1012533264,82359.9,114436.83,0,0
307,PAYMENT,5264.5,C1571865329,0.0,0.0,M408845166,0.0,0.0,0,0
640,TRANSFER,40867.66,C92605772,40867.66,0.0,C296814369,0.0,0.0,1,0
601,PAYMENT,2469.34,C260647087,88.0,0.0,M969008909,0.0,0.0,0,0
209,PAYMENT,3166.96,C648500393,156371.0,153204.04,M599517296,0.0,0.0,0,0
318,CASH_OUT,756426.12,C1801267260,756426.12,0.0,C1693181403,1612984.89,2369411.01,1,0
661,TRANSFER,2140888.35,C341573287,2140888.35,0.0,C1419097479,0.0,0.0,1,0
573,TRANSFER,162738.44,C1151526459,0.0,0.0,C298681821,2941460.77,3104199.21,0,0
234,CASH_IN,91719.12,C1073722297,4112747.36,4204466.49,C1491029559,152111.0,0.0,0,0
332,CASH_OUT,38505.91,C1353292698,18184.0,0.0,C1337912136,7909.77,46415.68,0,0
673,PAYMENT,2938.17,C729323551,13945.77,11007.6,M301205127,0.0,0.0,0,0
297,TRANSFER,3105902.49,C483009518,3105902.49,0.0,C1272462265,0.0,0.0,1,0
300,CASH_OUT,175410.03,C978008170,0.0,0.0,C1423629288,490894.27,666304.3,0,0
20,TRANSFER,40404.29,C1567801236,0.0,0.0,C561167332,719573.46,759977.75,0,0
404,CASH_OUT,361958.01,C1994561777,0.0,0.0,C936136961,581619.19,943577.19,0,0
253,PAYMENT,17456.0,C996786253,175590.1,158134.1,M1779104589,0.0,0.0,0,0
415,CASH_OUT,1675153.28,C2137951962,1675153.28,0.0,C309573869,12832.26,1687985.53,1,0
94,CASH_OUT,2393539.65,C1767333284,2393539.65,0.0,C610460069,5157128.07,7550667.73,1,0
334,CASH_IN,368144.28,C7261502,2119409.72,2487554.0,C571371147,1443615.68,1075471.4,0,0
394,CASH_OUT,29668.55,C1043446851,0.0,0.0,C493485119,2563936.5,2593605.05,0,0
9,PAYMENT,24159.89,C165920485,30.0,0.0,M1669344666,0.0,0.0,0,0
407,CASH_OUT,227975.05,C139056329,31010.55,0.0,C1925044967,2333420.47,2561395.52,0,0
369,PAYMENT,34100.19,C1226728206,0.0,0.0,M2076212800,0.0,0.0,0,0
204,PAYMENT,13848.86,C266032411,0.0,0.0,M1196620390,0.0,0.0,0,0
188,PAYMENT,4116.2,C1469947124,167684.28,163568.08,M1449130335,0.0,0.0,0,0
402,CASH_IN,304528.4,C1385950531,16175793.51,16480321.91,C1262932423,11859203.44,11554675.04,0,0
14,CASH_IN,16859.77,C1784008049,20553.0,37412.77,C372218175,0.0,0.0,0,0
139,CASH_IN,221651.28,C634604997,3329023.46,3550674.74,C511621111,4276924.52,4055273.24,0,0
162,CASH_IN,208478.45,C65294849,22051365.15,22259843.6,C239117901,403134.3,194655.86,0,0
43,CASH_OUT,241576.3,C1800642129,11069.0,0.0,C1095516877,32230.29,273806.58,0,0
43,CASH_OUT,151182.18,C97881391,20555.0,0.0,C1423468760,0.0,151182.18,0,0
323,PAYMENT,45000.9,C279284723,0.0,0.0,M784323152,0.0,0.0,0,0
210,CASH_OUT,55292.63,C540377403,39853.0,0.0,C1663824951,5074199.46,5129492.09,0,0
472,DEBIT,364.98,C1962486403,20664.0,20299.02,C662787209,12930976.13,12931341.11,0,0
183,DEBIT,5302.41,C1533118284,0.0,0.0,C1128319631,279661.21,284963.62,0,0
257,CASH_OUT,211186.03,C783357937,211186.03,0.0,C2142384602,58283.43,269469.46,1,0
36,PAYMENT,838.37,C1306975018,0.0,0.0,M880069825,0.0,0.0,0,0
161,CASH_OUT,5631.53,C970527176,272267.66,266636.13,C121774589,3839581.19,3845212.72,0,0
229,CASH_OUT,352769.93,C551214875,0.0,0.0,C1541437701,1383862.38,1736632.32,0,0
41,CASH_OUT,280843.85,C778410142,112183.0,0.0,C67650141,0.0,280843.85,0,0
259,CASH_OUT,301951.21,C7704941,42835.0,0.0,C681884557,0.0,301951.21,0,0
442,CASH_OUT,2758096.0,C868212192,2758096.0,0.0,C678830967,128192.29,2886288.29,1,0
332,CASH_OUT,202853.44,C613830767,14909.34,0.0,C1084518974,220600.73,423454.18,0,0
19,CASH_OUT,818359.03,C32130132,0.0,0.0,C20833243,1633275.1,2451634.13,0,0
258,CASH_IN,478958.71,C92406804,5682021.1,6160979.82,C688446131,1906784.53,1427825.82,0,0
612,TRANSFER,346183.99,C2061792169,346183.99,0.0,C966741210,0.0,0.0,1,0
129,PAYMENT,7204.86,C2133497607,0.0,0.0,M1806887795,0.0,0.0,0,0
252,CASH_IN,653553.15,C1828931370,7944081.73,8597634.88,C974332436,789345.65,135792.5,0,0
382,PAYMENT,7169.74,C1805931166,154859.0,147689.26,M1354763873,0.0,0.0,0,0
403,PAYMENT,162.03,C1188371319,2453.0,2290.97,M1896169049,0.0,0.0,0,0
252,CASH_IN,188375.83,C1617775561,1095.0,189470.83,C1574553384,0.0,0.0,0,0
227,CASH_IN,247158.84,C1570031258,1474577.31,1721736.14,C320899282,2192376.63,1945217.79,0,0
182,CASH_OUT,515127.47,C1297948369,15198.0,0.0,C962120855,6232509.14,6747636.62,0,0
10,PAYMENT,46136.33,C19865275,615205.32,569069.0,M1972162550,0.0,0.0,0,0
17,PAYMENT,21946.32,C1165130948,69367.0,47420.68,M815267650,0.0,0.0,0,0
618,TRANSFER,114483.78,C1911994336,114483.78,0.0,C1235106640,0.0,0.0,1,0
474,CASH_OUT,1499869.54,C285314242,1499869.54,0.0,C345891541,9546574.32,11046443.85,1,0
34,PAYMENT,23652.58,C598208052,26948.5,3295.92,M388712834,0.0,0.0,0,0
282,PAYMENT,12062.33,C1133377698,25996.74,13934.41,M151020755,0.0,0.0,0,0
181,CASH_IN,85354.4,C918098488,586079.0,671433.4,C669865371,284976.44,199622.04,0,0
355,PAYMENT,5820.44,C1458457148,0.0,0.0,M974006048,0.0,0.0,0,0
299,CASH_OUT,5166728.87,C371181257,5166728.87,0.0,C1648449094,0.0,5166728.87,1,0
154,CASH_IN,141734.01,C1022585193,46974.0,188708.01,C248669446,0.0,0.0,0,0
350,PAYMENT,5801.27,C1606672677,0.0,0.0,M443209643,0.0,0.0,0,0
137,PAYMENT,14405.07,C377862462,6090.0,0.0,M1777892786,0.0,0.0,0,0
182,CASH_IN,358562.02,C1712320031,10322.0,368884.02,C1588276479,0.0,0.0,0,0
42,CASH_OUT,125889.89,C802647924,0.0,0.0,C811969419,513521.68,645418.76,0,0
187,PAYMENT,14622.15,C1756391009,0.0,0.0,M430687783,0.0,0.0,0,0
82,TRANSFER,1534985.07,C1000937208,1534985.07,0.0,C1880907151,0.0,0.0,1,0
158,CASH_IN,107879.87,C1155823302,5157.0,113036.87,C969938899,70699.8,0.0,0,0
331,PAYMENT,10600.54,C1644924464,0.0,0.0,M1169425908,0.0,0.0,0,0
34,CASH_OUT,202859.08,C1640990353,57454.0,0.0,C1602168591,82568.04,285427.12,0,0
383,CASH_OUT,4104942.7,C2019434914,4104942.7,0.0,C1700021809,131668.24,4236610.94,1,0
140,TRANSFER,722621.15,C1712592809,0.0,0.0,C1530393105,737197.44,1459818.59,0,0
236,PAYMENT,4106.57,C2029798738,0.0,0.0,M302544148,0.0,0.0,0,0
394,CASH_OUT,23674.74,C1488694571,21364.0,0.0,C1903220237,1505779.68,1529454.42,0,0
215,PAYMENT,6150.57,C306539153,188266.0,182115.43,M1987812908,0.0,0.0,0,0
299,CASH_IN,69484.27,C1301499711,30637.0,100121.27,C1253806520,1212989.96,1143505.69,0,0
374,PAYMENT,35539.12,C146303447,62336.62,26797.49,M616450285,0.0,0.0,0,0
350,PAYMENT,5584.34,C1025284017,0.0,0.0,M1246394354,0.0,0.0,0,0
139,CASH_OUT,73018.79,C1156237009,0.0,0.0,C19564754,1828100.55,1901119.34,0,0
17,CASH_OUT,191385.9,C28607053,198656.0,7270.1,C2055396138,129631.34,321017.24,0,0
16,PAYMENT,363.12,C2094421184,740530.27,740167.15,M1762969862,0.0,0.0,0,0
417,CASH_OUT,2028897.08,C1126334701,2028897.08,0.0,C18335029,4194222.4,6223119.48,1,0
161,CASH_IN,139023.71,C1199788701,62478.0,201501.71,C255557188,2204505.23,2065481.51,0,0
335,CASH_OUT,73131.11,C484913776,0.0,0.0,C988039809,209079.03,282210.13,0,0
11,PAYMENT,7577.27,C366909943,45863.0,38285.73,M691405309,0.0,0.0,0,0
190,CASH_OUT,23454.3,C940293941,148913.0,125458.7,C2004653634,0.0,23454.3,0,0
352,CASH_OUT,201429.03,C1058763692,0.0,0.0,C1773456722,520355.16,721784.18,0,0
387,CASH_OUT,20920.39,C18423061,20920.39,0.0,C1021087479,359472.94,380393.33,1,0
322,CASH_OUT,440980.8,C1756238632,286.0,0.0,C1011911754,97028.74,538009.54,0,0
377,CASH_OUT,240640.78,C718587886,333972.0,93331.22,C634876210,143869.54,384510.33,0,0
303,CASH_IN,318057.59,C750468353,4856438.49,5174496.08,C1051804183,5227079.24,4909021.65,0,0
210,PAYMENT,26062.06,C406341194,0.0,0.0,M450759274,0.0,0.0,0,0
332,PAYMENT,22888.25,C1610744115,14880.72,0.0,M183152378,0.0,0.0,0,0
379,TRANSFER,656563.9,C456836129,41684.0,0.0,C339205396,123284.98,779848.89,0,0
324,CASH_OUT,570728.28,C686772492,119926.23,0.0,C230408473,1176082.11,1746810.39,0,0
394,CASH_OUT,68550.52,C394438679,0.0,0.0,C1921540682,6401986.52,6470537.04,0,0
324,PAYMENT,1220.62,C93044554,0.0,0.0,M1801944791,0.0,0.0,0,0
372,CASH_OUT,15516.1,C1322864648,199433.0,183916.9,C13469235,1150692.8,1166208.91,0,0
235,TRANSFER,121492.98,C94213237,52179.0,0.0,C2050687401,0.0,121492.98,0,0
283,PAYMENT,5762.04,C876698441,260131.0,254368.96,M2077200338,0.0,0.0,0,0
109,CASH_OUT,94613.12,C919387676,94613.12,0.0,C2083130101,0.0,94613.12,1,0
161,CASH_OUT,278675.18,C1830079279,0.0,0.0,C1668385603,1447239.22,1725914.4,0,0
14,PAYMENT,2121.5,C830289283,11108.0,8986.5,M895209675,0.0,0.0,0,0
167,PAYMENT,16442.71,C242908450,47122.07,30679.36,M782779939,0.0,0.0,0,0
254,CASH_OUT,61400.29,C865550384,691.0,0.0,C56937053,0.0,61400.29,0,0
9,PAYMENT,7069.05,C2080377154,0.0,0.0,M1610815377,0.0,0.0,0,0
249,CASH_OUT,42774.14,C98590949,0.0,0.0,C1213436852,532281.75,575055.88,0,0
154,PAYMENT,22417.3,C673877384,22463.0,45.7,M2102537385,0.0,0.0,0,0
183,CASH_OUT,86824.47,C866996173,9077.0,0.0,C346874514,2327603.89,2335740.37,0,0
142,PAYMENT,16718.62,C1938670690,10118.0,0.0,M1696367665,0.0,0.0,0,0
260,CASH_IN,172186.53,C1140372541,3385432.88,3557619.42,C1497759086,4784115.92,4611929.38,0,0
355,PAYMENT,19299.52,C595526948,198222.45,178922.93,M807728844,0.0,0.0,0,0
695,CASH_OUT,665676.43,C70707388,665676.43,0.0,C1606093829,0.0,665676.43,1,0
18,PAYMENT,14877.03,C329406826,298574.0,283696.97,M561841635,0.0,0.0,0,0
161,CASH_OUT,17635.27,C1396179637,0.0,0.0,C2043257128,2886526.11,2904161.37,0,0
580,TRANSFER,105861.07,C261904702,105861.07,0.0,C152930989,0.0,0.0,1,0
252,CASH_IN,245701.88,C526392349,11657840.78,11903542.66,C734306302,932669.06,686967.17,0,0
251,CASH_OUT,3864.89,C1995685239,30867.0,27002.11,C2123759035,0.0,3864.89,0,0
273,CASH_IN,146936.3,C356406180,102560.0,249496.3,C957367248,997483.21,850546.91,0,0
370,TRANSFER,1653144.1,C462652864,1653144.1,0.0,C725249814,0.0,0.0,1,0
399,CASH_OUT,278861.6,C163783688,7740.0,0.0,C1215975787,0.0,278861.6,0,0
326,PAYMENT,13957.6,C1392613862,0.0,0.0,M1335229791,0.0,0.0,0,0
156,CASH_OUT,154146.28,C2068954325,287.0,0.0,C1000910565,1936751.25,2090897.53,0,0
402,CASH_IN,279345.93,C1713329886,7090345.44,7369691.37,C1876733199,496382.0,158288.21,0,0
326,CASH_IN,68282.35,C1518370716,35067.0,103349.35,C1108655764,0.0,0.0,0,0
229,CASH_OUT,29275.09,C1837359156,61024.0,31748.91,C2128803512,349347.04,378622.14,0,0
297,CASH_OUT,228642.97,C1207180441,436.0,0.0,C1087418850,223164.39,451807.36,0,0
398,PAYMENT,24291.63,C1190344589,0.0,0.0,M1314235086,0.0,0.0,0,0
163,CASH_OUT,353095.91,C1743356847,881.0,0.0,C1335219119,0.0,353095.91,0,0
259,PAYMENT,15996.43,C2065123217,50722.0,34725.57,M1686904410,0.0,0.0,0,0
406,PAYMENT,17731.12,C462738528,0.0,0.0,M1674933153,0.0,0.0,0,0
612,PAYMENT,9764.15,C551096251,10694.0,929.85,M1774843071,0.0,0.0,0,0
179,CASH_OUT,207138.55,C1056373973,0.0,0.0,C701546927,7330720.22,7537858.77,0,0
275,CASH_OUT,506348.75,C1058172362,0.0,0.0,C430390140,508847.35,1015196.11,0,0
41,PAYMENT,22101.09,C258632652,0.0,0.0,M762949709,0.0,0.0,0,0
251,TRANSFER,2693520.61,C2141912199,2693520.61,0.0,C598875397,0.0,0.0,1,0
234,CASH_OUT,44665.46,C1753008553,30962.0,0.0,C300796503,81319.23,125984.68,0,0
179,CASH_OUT,2288.63,C882716109,467795.0,465506.37,C1077145207,699421.81,701710.44,0,0
396,PAYMENT,55797.15,C944267968,4600.63,0.0,M723990637,0.0,0.0,0,0
312,TRANSFER,117345.35,C1686904928,117345.35,0.0,C807316421,0.0,0.0,1,0
506,TRANSFER,1048100.0,C1355391463,1048100.0,0.0,C1870887119,0.0,0.0,1,0
20,PAYMENT,6177.32,C905747837,0.0,0.0,M1482618790,0.0,0.0,0,0
132,CASH_IN,244140.55,C1379258066,21308699.76,21552840.31,C44527520,2220384.39,1976243.84,0,0
238,TRANSFER,1530.84,C1164568984,1530.84,0.0,C940250916,0.0,0.0,1,0
259,CASH_OUT,24231.26,C1894617206,1224.0,0.0,C836148567,1181770.52,1206001.78,0,0
38,PAYMENT,6794.25,C1245445175,107210.0,100415.75,M1447757654,0.0,0.0,0,0
250,CASH_OUT,87611.8,C1053825495,30967.0,0.0,C1152668683,0.0,87611.8,0,0
307,CASH_OUT,67786.99,C783773644,50970.0,0.0,C1502442450,253386.57,321173.56,0,0
308,PAYMENT,63264.74,C1116239714,365209.84,301945.1,M2042117195,0.0,0.0,0,0
355,PAYMENT,3560.73,C64240602,277726.27,274165.54,M693854361,0.0,0.0,0,0
492,CASH_OUT,276705.99,C668217152,21230.0,0.0,C1181248661,946556.79,1223262.78,0,0
13,CASH_OUT,159115.19,C359887519,25373.0,0.0,C2069625872,63403.59,222518.78,0,0
137,CASH_IN,58240.41,C1581359564,4567060.19,4625300.6,C1953807246,2209100.56,1674669.61,0,0
282,CASH_OUT,336481.73,C1664216808,0.0,0.0,C797258113,1775741.55,2112223.28,0,0
177,CASH_OUT,1201681.76,C2146217272,1201681.76,0.0,C411880300,1069475.01,2271156.77,1,0
232,CASH_OUT,273576.39,C919995722,0.0,0.0,C1865227002,564564.29,838140.68,0,0
181,CASH_IN,127469.73,C977806411,613717.44,741187.17,C1220292898,30264425.93,30136956.2,0,0
398,CASH_OUT,505571.43,C994784827,505571.43,0.0,C516816901,167528.29,673099.71,1,0
403,CASH_IN,129782.85,C1110515194,1380934.35,1510717.2,C570211261,261789.85,132007.0,0,0
282,CASH_OUT,69555.32,C132984865,33301.0,0.0,C1128332489,0.0,69555.32,0,0
408,CASH_OUT,503961.93,C868244039,503961.93,0.0,C1704260937,0.0,503961.93,1,0
19,PAYMENT,6808.86,C2027776574,0.0,0.0,M569616132,0.0,0.0,0,0
161,CASH_OUT,333545.56,C1552425953,0.0,0.0,C1049065277,519442.46,852988.02,0,0
406,CASH_OUT,10000000.0,C2039632835,10000000.0,0.0,C1012340770,2265793.36,12265793.36,1,0
302,CASH_IN,199342.54,C1317817028,21194.0,220536.54,C631794425,461324.81,261982.26,0,0
206,CASH_IN,165257.24,C1129045716,17462682.26,17627939.51,C614767896,8302874.56,8137617.32,0,0
139,CASH_OUT,151310.86,C1386340983,0.0,0.0,C449317666,260955.87,412266.73,0,0
300,CASH_OUT,245560.8,C239845336,11660.0,0.0,C1634407784,245373.23,490934.02,0,0
179,PAYMENT,11470.28,C1202594054,0.0,0.0,M141947721,0.0,0.0,0,0
261,CASH_OUT,358159.13,C1549709638,358159.13,0.0,C450452025,2150240.84,2508399.97,1,0
582,CASH_OUT,6106149.52,C62391457,6106149.52,0.0,C1290160681,2003487.05,8109636.57,1,0
38,CASH_IN,11287.59,C2141644410,22893419.18,22904706.77,C2048611494,188119.27,176831.68,0,0
16,TRANSFER,95857.1,C1854208570,169447.28,73590.17,C1140028291,1627991.07,2200110.83,0,0
311,CASH_OUT,88962.02,C389069707,133319.0,44356.98,C1407834824,0.0,88962.02,0,0
372,CASH_IN,4590.64,C848038981,660321.61,664912.24,C1994551347,656522.94,651932.3,0,0
135,PAYMENT,1901.41,C1120492403,118774.13,116872.71,M322925568,0.0,0.0,0,0
385,PAYMENT,7305.91,C1656852140,2547.27,0.0,M1632308879,0.0,0.0,0,0
20,CASH_OUT,308693.96,C964271001,10340.0,0.0,C1070794571,754409.45,1063103.41,0,0
475,CASH_OUT,9511.69,C1550140499,9511.69,0.0,C119015629,745613.01,755124.7,1,0
255,CASH_OUT,259497.56,C767636198,0.0,0.0,C1502424827,1554186.2,1813683.76,0,0
42,CASH_IN,100300.55,C557856023,3366516.95,3466817.5,C258905209,3745120.05,3644819.5,0,0
208,CASH_OUT,121784.28,C1952427685,20406.0,0.0,C1724139137,1247394.68,1369178.97,0,0
281,PAYMENT,21276.97,C1294302806,0.0,0.0,M2030181942,0.0,0.0,0,0
378,PAYMENT,3984.0,C2110431830,6051.0,2067.0,M1715703911,0.0,0.0,0,0
180,CASH_OUT,371775.96,C695426010,0.0,0.0,C1962092319,1892839.24,2264615.2,0,0
18,CASH_OUT,66289.34,C893618730,0.0,0.0,C610018122,201892.96,409632.25,0,0
198,TRANSFER,7620549.14,C1407135183,7620549.14,0.0,C1128587638,0.0,0.0,1,0
211,PAYMENT,4663.04,C28304704,220169.0,215505.96,M559851391,0.0,0.0,0,0
253,CASH_OUT,89930.56,C784221068,21345.0,0.0,C1847975955,953461.19,1043391.75,0,0
306,CASH_IN,154279.35,C570006230,3650319.64,3804598.99,C893882476,397621.83,243342.49,0,0
596,TRANSFER,761560.76,C676705199,0.0,0.0,C951121443,894211.13,1655771.89,0,0
228,CASH_IN,243894.17,C1560560075,5048793.37,5292687.54,C1679767420,1339692.61,1095798.44,0,0
397,PAYMENT,45410.01,C1849368365,467314.0,421903.99,M1973190810,0.0,0.0,0,0
305,CASH_OUT,141670.5,C883824253,120888.0,0.0,C1390083098,535824.11,677494.61,0,0
250,TRANSFER,1967745.49,C1966487412,100815.81,0.0,C1280700642,3965861.59,5933607.09,0,0
70,CASH_OUT,167067.78,C1636013570,167067.78,0.0,C2066003164,169160.19,336227.97,1,0
305,PAYMENT,6827.56,C737248849,0.0,0.0,M538544454,0.0,0.0,0,0
321,CASH_IN,289467.56,C1753568763,10391938.11,10681405.68,C1616411975,493368.41,203900.85,0,0
403,CASH_OUT,26516.09,C231069490,0.0,0.0,C82338676,1980503.69,2007019.78,0,0
718,TRANSFER,1293595.52,C411007033,1293595.52,0.0,C1470544838,0.0,0.0,1,0
346,CASH_OUT,487.98,C1579878790,28426.0,27938.02,C744951410,522756.3,523244.27,0,0
45,CASH_IN,309021.08,C2103980151,1349721.98,1658743.06,C1943197804,714596.36,405575.27,0,0
540,CASH_IN,284029.44,C1952406189,805349.33,1089378.77,C375650869,1075716.47,791687.03,0,0
185,PAYMENT,15416.56,C728988085,10043.0,0.0,M1734390585,0.0,0.0,0,0
354,PAYMENT,18176.57,C603387164,0.0,0.0,M1141655602,0.0,0.0,0,0
190,PAYMENT,13939.45,C694032384,19920.0,5980.55,M1891544324,0.0,0.0,0,0
254,PAYMENT,492.77,C1975231668,0.0,0.0,M320144066,0.0,0.0,0,0
156,CASH_IN,438308.15,C1937816586,2393.0,440701.15,C1045066838,0.0,0.0,0,0
680,CASH_OUT,227668.22,C838079737,227668.22,0.0,C971866524,53722.04,281390.26,1,0
250,CASH_OUT,177217.55,C605707294,177217.55,0.0,C869819387,1086981.95,1264199.5,1,0
205,CASH_OUT,156734.37,C809496066,0.0,0.0,C229437558,365649.27,522383.65,0,0
17,CASH_OUT,283322.75,C2125694978,39958.0,0.0,C782652457,35263.24,318585.99,0,0
21,CASH_IN,18756.48,C331074812,178604.0,197360.48,C1457711848,0.0,0.0,0,0
179,CASH_OUT,117072.81,C60712889,9685.0,0.0,C1195096769,58092.73,175165.54,0,0
15,CASH_OUT,59385.67,C1765315298,59385.67,0.0,C721356209,74371.0,133756.67,1,0
280,CASH_IN,258455.36,C1063181020,3815911.07,4074366.43,C1428385572,319377.92,60922.56,0,0
189,PAYMENT,2119.35,C1017095405,175596.07,173476.72,M998506366,0.0,0.0,0,0
43,CASH_OUT,73656.38,C2107874262,0.0,0.0,C611188298,89681.09,163337.47,0,0
385,PAYMENT,2895.98,C1147891360,30902.0,28006.02,M939055106,0.0,0.0,0,0
158,CASH_OUT,117871.07,C237797355,25905.0,0.0,C475007995,0.0,117871.07,0,0
253,CASH_OUT,98188.3,C785410578,0.0,0.0,C970298097,1379885.11,1478073.42,0,0
686,PAYMENT,4033.4,C332264856,0.0,0.0,M1641505530,0.0,0.0,0,0
157,PAYMENT,2142.98,C354753963,0.0,0.0,M1124276827,0.0,0.0,0,0
396,TRANSFER,233699.25,C349513899,233699.25,0.0,C499085248,0.0,0.0,1,0
137,CASH_OUT,301689.81,C1478886113,0.0,0.0,C125446484,474118.18,775807.98,0,0
355,TRANSFER,291649.53,C360691077,0.0,0.0,C1848962139,1261527.88,1553177.4,0,0
186,PAYMENT,21995.04,C586433286,38139.0,16143.96,M300428118,0.0,0.0,0,0
131,PAYMENT,14878.2,C1025733050,344076.07,329197.88,M1165440377,0.0,0.0,0,0
730,CASH_OUT,10000000.0,C1868631555,10000000.0,0.0,C1100933050,0.0,10000000.0,1,0
8,CASH_OUT,547617.8,C331190452,0.0,0.0,C8290162,4193711.57,6650282.66,0,0
281,CASH_OUT,399489.64,C462427686,31892.0,0.0,C459868151,391985.54,791475.17,0,0
399,CASH_OUT,29917.91,C1554673754,11358.0,0.0,C1736326978,0.0,29917.91,0,0
698,CASH_OUT,2360965.74,C1859539319,2360965.74,0.0,C599318565,0.0,2360965.74,1,0
177,CASH_OUT,564616.34,C1460024436,562349.87,0.0,C512421114,5718448.79,6283065.13,0,0
211,CASH_OUT,65230.26,C796192814,216725.75,151495.49,C1863245773,320323.69,385553.94,0,0
239,PAYMENT,1016.55,C1393404283,19321.0,18304.45,M1711534263,0.0,0.0,0,0
157,TRANSFER,137922.29,C809464357,81592.0,0.0,C2059613113,708495.97,846418.25,0,0
140,CASH_OUT,199522.32,C1275402773,0.0,0.0,C160106315,521456.84,720979.15,0,0
239,PAYMENT,7677.28,C518029013,30895.0,23217.72,M403301171,0.0,0.0,0,0
242,CASH_OUT,3139423.35,C1627766514,3139423.35,0.0,C1840253816,2593641.94,5733065.29,1,0
250,TRANSFER,174683.34,C279104930,174683.34,0.0,C1291302412,0.0,0.0,1,0
40,PAYMENT,4591.65,C1676948621,182998.16,178406.51,M1832867230,0.0,0.0,0,0
211,CASH_OUT,293024.09,C440223869,0.0,0.0,C1055566627,632240.12,925264.21,0,0
140,CASH_IN,220998.37,C616351885,2200283.87,2421282.24,C1181019650,1338362.62,1117364.24,0,0
373,CASH_OUT,204318.99,C83960975,595.0,0.0,C1626348169,102533.89,306852.88,0,0
19,CASH_OUT,101194.0,C1501394628,0.0,0.0,C76517561,116507.97,217701.97,0,0
659,CASH_IN,329811.29,C104178035,521155.01,850966.3,C568072859,366933.06,37121.77,0,0
426,CASH_OUT,99804.21,C832632407,99804.21,0.0,C608557779,77105.84,176910.05,1,0
380,CASH_OUT,70294.23,C1609284164,126561.0,56266.77,C536172082,535493.85,605788.08,0,0
24,PAYMENT,15324.9,C1829664573,591731.4,576406.5,M1119201896,0.0,0.0,0,0
379,CASH_OUT,84319.4,C1066169032,36608.0,0.0,C511077710,627950.83,712270.23,0,0
206,PAYMENT,17994.33,C435669432,48989.0,30994.67,M693275560,0.0,0.0,0,0
230,CASH_OUT,3774746.08,C1668999438,3774746.08,0.0,C1220527232,55231.27,3829977.34,1,0
331,PAYMENT,8458.19,C867840647,56284.0,47825.81,M1665870759,0.0,0.0,0,0
355,PAYMENT,6216.53,C1547408407,0.0,0.0,M236540159,0.0,0.0,0,0
285,PAYMENT,10028.77,C1440538157,543505.0,533476.23,M242025834,0.0,0.0,0,0
15,CASH_OUT,280391.17,C1330489597,0.0,0.0,C252357921,690126.93,970518.1,0,0
596,CASH_OUT,204721.27,C357911107,204721.27,0.0,C1450973124,0.0,204721.27,1,0
37,CASH_OUT,138416.45,C613286958,0.0,0.0,C2096900616,3710711.3,3849127.75,0,0
398,CASH_IN,237254.85,C519350499,496.0,237750.85,C1576409826,1534725.91,1297471.06,0,0
396,CASH_OUT,380443.61,C872773390,49800.0,0.0,C964915932,723612.65,1104056.26,0,0
571,TRANSFER,675981.27,C870000884,0.0,0.0,C736814612,18624224.8,19300206.07,0,0
382,CASH_IN,146727.84,C1048262377,23842.0,170569.84,C1045354744,12379.94,0.0,0,0
16,CASH_IN,104717.55,C735691816,1341184.32,1445901.86,C363527392,330533.53,225815.98,0,0
257,TRANSFER,329896.02,C719905045,114075.0,0.0,C1555268621,1359743.51,1689639.53,0,0
257,TRANSFER,335649.12,C959834857,0.0,0.0,C2004314780,1079888.27,1415537.38,0,0
44,PAYMENT,13749.71,C549976323,99979.0,86229.29,M207023336,0.0,0.0,0,0
159,CASH_IN,251218.64,C1468343274,5202396.11,5453614.75,C1281510624,864497.75,613279.11,0,0
134,PAYMENT,7808.34,C1281274327,126543.72,118735.38,M763939216,0.0,0.0,0,0
402,CASH_OUT,99792.88,C1145653271,6093.0,0.0,C145973203,1392294.79,1492087.67,0,0
394,CASH_OUT,118923.19,C112680631,0.0,0.0,C444617019,269510.05,388433.23,0,0
546,CASH_OUT,24773.86,C835769230,24773.86,0.0,C990236688,11003181.73,11027955.59,1,0
397,CASH_IN,67645.65,C768135692,3519881.13,3587526.78,C69255679,2182699.38,2115053.73,0,0
388,CASH_OUT,5658123.36,C1969327890,5658123.36,0.0,C1613929073,1094471.2,6752594.56,1,0
155,CASH_OUT,49818.42,C1430517435,40314.0,0.0,C1478990101,77455.26,127273.68,0,0
371,CASH_OUT,94303.41,C598945378,0.0,0.0,C984474348,2642569.0,2736872.41,0,0
186,PAYMENT,1050.69,C1876034478,0.0,0.0,M1299842634,0.0,0.0,0,0
183,CASH_OUT,76075.41,C2019658998,0.0,0.0,C1834263944,919464.73,995540.15,0,0
356,PAYMENT,178.65,C1354130417,71881.0,71702.35,M539004147,0.0,0.0,0,0
404,CASH_OUT,96775.99,C1385322524,0.0,0.0,C504284830,114381.61,211157.6,0,0
142,CASH_IN,108858.59,C528167921,4665123.69,4773982.28,C328951344,804641.9,695783.32,0,0
677,CASH_OUT,10000000.0,C1896858408,10000000.0,0.0,C952858643,1622330.57,11622330.57,1,0
394,PAYMENT,23323.77,C641649315,83161.47,59837.7,M59897649,0.0,0.0,0,0
186,CASH_OUT,72394.41,C1440616791,32086.0,0.0,C965774014,58831.0,0.0,0,0
254,TRANSFER,1175436.51,C730035642,795022.0,0.0,C1115901103,1992804.47,3168240.98,0,0
19,CASH_OUT,89398.08,C1091299214,326100.22,236702.15,C1903867630,126075.21,215473.29,0,0
347,CASH_IN,161969.27,C2118704378,16866797.04,17028766.31,C1818028349,619840.54,457871.27,0,0
347,PAYMENT,17872.14,C385011503,0.0,0.0,M138050401,0.0,0.0,0,0
41,CASH_OUT,581889.94,C541992132,581889.94,0.0,C715094437,359585.03,941474.97,1,0
203,CASH_IN,197666.25,C1998548333,527929.05,725595.31,C416816425,1836355.72,1638689.47,0,0
202,CASH_OUT,64847.33,C865760976,122773.0,57925.67,C1441498442,764817.51,829664.84,0,0
561,CASH_OUT,285294.11,C1241779064,285294.11,0.0,C1539330075,181588.17,466882.27,1,0
280,CASH_OUT,475854.04,C660472493,475854.04,0.0,C1603157769,139286.33,615140.37,1,0
283,PAYMENT,2154.17,C1896527355,0.0,0.0,M1620693844,0.0,0.0,0,0
699,CASH_OUT,2763398.31,C1491503658,2763398.31,0.0,C454424230,339515.35,3102913.66,1,0
251,PAYMENT,11412.3,C1350325753,0.0,0.0,M521096429,0.0,0.0,0,0
139,CASH_OUT,229150.96,C148983476,0.0,0.0,C1974588236,468100.46,697251.42,0,0
187,CASH_IN,97575.53,C2015722674,14027595.68,14125171.21,C893913148,2513679.84,2416104.31,0,0
158,PAYMENT,14005.26,C1789801816,0.0,0.0,M1891090494,0.0,0.0,0,0
348,PAYMENT,17719.36,C1264104377,0.0,0.0,M2018338273,0.0,0.0,0,0
401,PAYMENT,42116.07,C1057989628,837.0,0.0,M309468255,0.0,0.0,0,0
159,CASH_IN,85284.15,C117785977,3695313.52,3780597.67,C1872162688,971629.26,886345.11,0,0
569,CASH_OUT,2561698.04,C694643897,2561698.04,0.0,C210678404,93471.68,2655169.72,1,0
12,PAYMENT,529.44,C460182158,0.0,0.0,M1226276129,0.0,0.0,0,0
353,PAYMENT,3078.39,C195802607,0.0,0.0,M909446926,0.0,0.0,0,0
476,TRANSFER,141241.3,C1571965006,0.0,0.0,C1186066840,1422472.97,1563714.27,0,0
348,CASH_IN,53577.0,C1143380870,4255276.9,4308853.89,C1538329996,2981004.87,2927427.88,0,0
188,CASH_OUT,376396.92,C1578125007,0.0,0.0,C1835605154,959607.03,1336003.96,0,0
136,CASH_OUT,237589.33,C107628815,2019.0,0.0,C400648287,4498.92,242088.25,0,0
20,CASH_IN,268254.87,C802336371,1803541.33,2071796.2,C533474562,5505288.42,5624488.82,0,0
18,CASH_OUT,1777.14,C2080442215,99917.0,98139.86,C1465813088,1210560.92,1141268.99,0,0
204,DEBIT,2944.83,C1979920324,59685.0,56740.17,C1229047334,82537.22,85482.05,0,0
187,CASH_OUT,115509.98,C43593675,0.0,0.0,C1727661279,589347.62,704857.6,0,0
277,PAYMENT,7309.67,C1990579362,68478.97,61169.3,M1369903691,0.0,0.0,0,0
59,TRANSFER,9748.89,C385589098,9748.89,0.0,C1606057909,0.0,0.0,1,0
310,CASH_OUT,34123.15,C233010500,0.0,0.0,C1888651697,43718.17,77841.32,0,0
396,CASH_IN,36977.08,C632419306,32334.0,69311.08,C971549043,4276593.07,4239615.99,0,0
298,CASH_IN,54401.0,C1561465078,23072865.91,23127266.92,C1670944629,165853.46,111452.46,0,0
305,PAYMENT,6397.69,C706489258,0.0,0.0,M531631799,0.0,0.0,0,0
8,CASH_IN,70915.0,C1436406253,1103436.63,1174351.63,C323761934,87544.34,16629.35,0,0
522,PAYMENT,73683.46,C1257374796,0.0,0.0,M1973470576,0.0,0.0,0,0
324,CASH_IN,10619.51,C1504004626,2026140.5,2036760.01,C1044323913,3263728.68,3253109.16,0,0
332,CASH_OUT,173906.36,C1729589237,0.0,0.0,C87102095,351826.15,525732.51,0,0
36,CASH_OUT,246298.19,C995955825,129558.0,0.0,C1912269408,263762.09,510060.28,0,0
154,TRANSFER,442722.01,C1197049962,442722.01,0.0,C1656842502,0.0,0.0,1,0
39,PAYMENT,22378.66,C1623691792,0.0,0.0,M921483262,0.0,0.0,0,0
202,CASH_IN,192443.52,C1463632785,457799.95,650243.47,C1666821844,2114478.58,1922035.06,0,0
675,TRANSFER,1091589.88,C99498713,1091589.88,0.0,C1363621822,0.0,0.0,1,0
398,CASH_IN,150744.73,C932407115,100279.0,251023.73,C48741110,0.0,0.0,0,0
370,CASH_OUT,77756.8,C1540022544,0.0,0.0,C722786005,1500495.3,1578252.1,0,0
416,CASH_IN,204694.75,C1654905261,9935.0,214629.75,C842696476,0.0,0.0,0,0
385,PAYMENT,4070.4,C1168264912,30792.0,26721.6,M1028869292,0.0,0.0,0,0
170,TRANSFER,335859.86,C1945733096,335859.86,0.0,C2017325306,0.0,0.0,1,0
522,CASH_OUT,212243.76,C1447817711,1135.0,0.0,C1884410914,348719.02,560962.79,0,0
321,PAYMENT,3083.25,C997956925,262738.48,259655.23,M1042532508,0.0,0.0,0,0
286,CASH_OUT,48682.06,C1197143957,0.0,0.0,C1295333897,12041424.85,12090106.91,0,0
158,CASH_IN,88545.23,C633784934,2177791.52,2266336.76,C1310430341,1166372.87,1077827.64,0,0
430,TRANSFER,326394.8,C541833778,326394.8,0.0,C36684141,0.0,0.0,1,0
251,PAYMENT,4547.41,C1545316180,0.0,0.0,M107130715,0.0,0.0,0,0
158,PAYMENT,19357.08,C1580144398,0.0,0.0,M1953783947,0.0,0.0,0,0
478,CASH_IN,97727.65,C1626086231,4679556.73,4777284.38,C105810460,1207386.22,1109658.58,0,0
550,TRANSFER,21418.86,C546971696,21418.86,0.0,C1910520742,0.0,0.0,1,0
402,CASH_IN,411750.64,C220863176,28301.0,440051.64,C1325861583,32094109.96,31682359.32,0,0
189,CASH_OUT,148800.97,C1491265888,0.0,0.0,C584094224,517165.02,665965.99,0,0
401,PAYMENT,21360.15,C1614405822,272001.52,250641.37,M1813048256,0.0,0.0,0,0
380,CASH_OUT,70125.14,C1284814177,70125.14,0.0,C737412944,7303214.4,7373339.54,1,0
329,PAYMENT,67069.02,C91047400,30772.0,0.0,M1687128392,0.0,0.0,0,0
179,PAYMENT,57279.28,C262591469,11786.47,0.0,M1839491955,0.0,0.0,0,0
407,PAYMENT,770.16,C859527559,30452.0,29681.84,M23994200,0.0,0.0,0,0
259,PAYMENT,18392.14,C1998648674,21177.0,2784.86,M1613433577,0.0,0.0,0,0
560,TRANSFER,912117.82,C1573658797,912117.82,0.0,C254901264,0.0,0.0,1,0
227,CASH_IN,180298.55,C1136137925,1100916.47,1281215.02,C1797812567,2757328.31,2577029.77,0,0
324,CASH_OUT,145442.04,C1690148921,24704.0,0.0,C146054160,146543.19,291985.22,0,0
230,PAYMENT,1606.53,C1401311514,18931.0,17324.47,M852127230,0.0,0.0,0,0
21,TRANSFER,562983.39,C1467373030,3322.0,0.0,C845086900,0.0,562983.39,0,0
163,CASH_IN,32205.54,C485761868,6023.0,38228.54,C1213548492,0.0,0.0,0,0
717,TRANSFER,2624422.62,C637096336,2624422.62,0.0,C1127132914,0.0,0.0,1,0
179,PAYMENT,7562.77,C1946468813,52577.0,45014.23,M1079152646,0.0,0.0,0,0
355,CASH_OUT,30689.53,C1003494228,178.0,0.0,C1624656960,0.0,120048.25,0,0
48,TRANSFER,2115434.71,C2058368094,0.0,0.0,C2012808675,5042856.76,7158291.48,0,0
204,CASH_OUT,107779.73,C372224507,56589.0,0.0,C419084602,5923291.65,6031071.38,0,0
395,CASH_OUT,339803.67,C510764405,45275.0,0.0,C1486923167,0.0,339803.67,0,0
305,TRANSFER,10000000.0,C1112866131,16550.0,0.0,C1075949002,207260.95,18042433.25,0,0
161,TRANSFER,35834.87,C1869426883,21041.0,0.0,C901909764,348713.09,384547.96,0,0
36,CASH_OUT,32382.96,C1507237385,32382.96,0.0,C53062849,0.0,32382.96,1,0
135,CASH_IN,79578.3,C1867396160,1895121.21,1974699.51,C44518161,2873006.56,2793428.26,0,0
179,CASH_OUT,106691.86,C384268155,0.0,0.0,C1515747075,420252.72,526944.58,0,0
136,CASH_OUT,288995.92,C1375582649,0.0,0.0,C986657342,2855448.68,3144444.6,0,0
333,TRANSFER,715637.23,C1423636745,0.0,0.0,C1744555317,1413717.26,2129354.49,0,0
227,CASH_OUT,226800.66,C2146237629,67604.0,0.0,C738048,0.0,226800.66,0,0
177,PAYMENT,29365.97,C1151674537,0.0,0.0,M1524699981,0.0,0.0,0,0
210,CASH_IN,107741.35,C466374834,129218.52,236959.87,C861032551,527141.71,419400.36,0,0
159,PAYMENT,7666.45,C706223732,41359.51,33693.07,M1339037427,0.0,0.0,0,0
142,CASH_IN,71802.57,C903279977,5666733.49,5738536.06,C1631280809,124149.08,52346.51,0,0
131,CASH_OUT,263244.73,C191258541,0.0,0.0,C98133962,3964345.29,4227590.01,0,0
158,PAYMENT,2607.16,C393290792,378580.75,375973.59,M252589915,0.0,0.0,0,0
9,CASH_OUT,180539.84,C659558298,1046.0,0.0,C805006582,2135998.57,2698821.57,0,0
133,PAYMENT,26918.91,C681577229,0.0,0.0,M989135931,0.0,0.0,0,0
469,TRANSFER,245106.78,C568285041,245106.78,0.0,C867659609,0.0,0.0,1,0
274,CASH_IN,310787.95,C970871484,5153869.59,5464657.54,C1984276888,1179337.75,868549.8,0,0
738,TRANSFER,106584.32,C1375184391,106584.32,0.0,C291162245,0.0,0.0,1,0
491,TRANSFER,1122827.94,C1898490203,1122827.94,0.0,C228352671,0.0,0.0,1,0
332,TRANSFER,1194312.59,C1088743715,0.0,0.0,C328239164,1839361.37,3033673.96,0,0
19,CASH_OUT,58595.21,C1901423664,99137.0,40541.79,C1280700642,397067.5,278049.71,0,0
277,CASH_OUT,110766.14,C409230331,0.0,0.0,C190862918,2059464.93,2170231.07,0,0
653,TRANSFER,598426.68,C652500321,598426.68,0.0,C430642994,0.0,0.0,1,0
207,CASH_IN,291289.44,C1372496184,8920650.6,9211940.04,C1602080564,645685.52,354396.08,0,0
359,CASH_IN,72637.9,C378420419,20151.0,92788.9,C1365243096,2098154.2,2025516.3,0,0
202,TRANSFER,431743.32,C1757832743,9916.0,0.0,C210069967,251870.71,683614.03,0,0
253,CASH_OUT,110798.86,C949857570,8484.0,0.0,C59998148,1407116.1,1517914.96,0,0
38,CASH_IN,34514.15,C2075274845,102677.0,137191.15,C2083880944,0.0,0.0,0,0
587,CASH_OUT,288263.38,C747807405,288263.38,0.0,C1626435934,67081.67,355345.05,1,0
139,PAYMENT,17150.98,C1630219673,13662.32,0.0,M717816760,0.0,0.0,0,0
165,CASH_OUT,185720.42,C1712974494,16486.0,0.0,C1827275328,0.0,185720.42,0,0
215,CASH_OUT,9453680.72,C1185250980,9453680.72,0.0,C970287333,0.0,9453680.72,1,0
228,CASH_OUT,9904.46,C1624413908,104993.0,95088.54,C1667808417,0.0,9904.46,0,0
4,CASH_IN,208096.95,C925829785,0.0,208096.95,C1453128758,486798.02,42270.49,0,0
228,CASH_OUT,216463.11,C1277538759,0.0,0.0,C388873964,13927876.89,14144340.0,0,0
253,CASH_OUT,112994.39,C834623466,11116.0,0.0,C612680983,510751.74,623746.13,0,0
320,CASH_OUT,62318.91,C2133585452,62318.91,0.0,C563718131,975697.67,1038016.58,1,0
189,CASH_IN,196003.79,C71259420,4127026.95,4323030.74,C802151575,10783371.16,10587367.37,0,0
20,CASH_IN,243698.96,C2010999959,20119828.21,20363527.17,C1900197383,644762.93,401063.96,0,0
379,PAYMENT,20852.08,C428912127,308655.0,287802.92,M2023554979,0.0,0.0,0,0
576,TRANSFER,28284.88,C978784308,28284.88,0.0,C1196475632,0.0,0.0,1,0
13,CASH_OUT,618305.62,C634223781,5449.0,0.0,C1897050650,4446325.47,5905345.69,0,0
235,PAYMENT,3290.29,C403395060,0.0,0.0,M1397568857,0.0,0.0,0,0
19,CASH_OUT,52016.92,C371861393,0.0,0.0,C861720625,5376550.54,5699304.48,0,0
522,TRANSFER,409000.88,C1921204097,0.0,0.0,C1266879263,2664092.43,3073093.31,0,0
185,PAYMENT,9923.39,C2045447868,510687.92,500764.53,M1624664234,0.0,0.0,0,0
459,CASH_OUT,277611.08,C2028451849,277611.08,0.0,C677754789,1588077.25,1865688.33,1,0
490,CASH_OUT,424696.47,C414293272,0.0,0.0,C901854555,5575611.32,6000307.79,0,0
181,PAYMENT,10955.91,C723215780,0.0,0.0,M1591525269,0.0,0.0,0,0
13,PAYMENT,17423.47,C1360839739,493338.61,475915.13,M1411653872,0.0,0.0,0,0
130,PAYMENT,23014.6,C1412237064,0.0,0.0,M1319107371,0.0,0.0,0,0
618,TRANSFER,1743864.1,C1643935128,1743864.1,0.0,C1841390458,0.0,0.0,1,0
212,PAYMENT,25633.96,C520068800,0.0,0.0,M1149406842,0.0,0.0,0,0
375,CASH_OUT,124931.06,C1179812645,0.0,0.0,C1899283508,1173966.89,1298897.95,0,0
400,CASH_OUT,75560.64,C1228941021,11169.0,0.0,C1151694169,39115.31,114675.94,0,0
372,CASH_OUT,231796.33,C976209863,0.0,0.0,C1327355000,785325.48,1017121.81,0,0
185,CASH_OUT,95978.33,C1153707031,1968.0,0.0,C1559561715,0.0,95978.33,0,0
20,PAYMENT,14480.07,C1781818653,43720.24,29240.18,M1243590975,0.0,0.0,0,0
282,PAYMENT,263.97,C979721464,9530.0,9266.03,M29647754,0.0,0.0,0,0
550,TRANSFER,85303.24,C652160524,85303.24,0.0,C305321296,0.0,0.0,1,0
163,CASH_OUT,31476.03,C45989185,0.0,0.0,C249141992,6625107.09,6656583.12,0,0
179,TRANSFER,648457.33,C258756579,19849.0,0.0,C54741136,8070190.52,8718647.85,0,0
636,TRANSFER,1455839.54,C357561283,1455839.54,0.0,C1197582921,0.0,0.0,1,0
372,PAYMENT,3705.55,C1395092661,149613.39,145907.83,M36198510,0.0,0.0,0,0
669,CASH_OUT,57658.26,C855053423,57658.26,0.0,C1354741031,11688322.73,11745980.99,1,0
90,CASH_OUT,7696836.35,C1784092244,7696836.35,0.0,C646123724,180993.45,7877829.8,1,0
180,PAYMENT,16758.44,C1634283174,0.0,0.0,M717621803,0.0,0.0,0,0
616,TRANSFER,1265656.44,C782995006,1265656.44,0.0,C1783458447,0.0,0.0,1,0
371,PAYMENT,9096.51,C441726318,9544.0,447.49,M1181404953,0.0,0.0,0,0
350,TRANSFER,857431.51,C1089252459,5371.0,0.0,C2137492190,19421219.49,20278651.0,0,0
255,CASH_OUT,58524.94,C1490180779,0.0,0.0,C1838908206,5482560.8,5541085.74,0,0
16,CASH_IN,107513.52,C851562344,26671.0,134184.52,C289709496,0.0,8643.58,0,0
359,CASH_IN,37651.95,C1448910870,25317778.65,25355430.6,C361930427,164905.48,127253.53,0,0
279,PAYMENT,5961.17,C130723778,0.0,0.0,M1183115238,0.0,0.0,0,0
130,CASH_OUT,7493.9,C652862976,10751.0,3257.1,C1073093787,17552.9,25046.8,0,0
517,TRANSFER,140211.0,C65441643,209213.0,69002.0,C1425079500,0.0,140211.0,0,0
179,PAYMENT,11219.43,C865452502,75512.0,64292.57,M1476270775,0.0,0.0,0,0
398,PAYMENT,22729.21,C1087620862,6772.0,0.0,M1290097091,0.0,0.0,0,0
686,CASH_OUT,198043.93,C1582832873,198043.93,0.0,C1178877830,17003.34,215047.27,1,0
351,CASH_IN,46030.42,C599854016,4607147.97,4653178.39,C1458531571,158991.23,112960.8,0,0
451,CASH_IN,145540.46,C62049028,1557810.87,1703351.33,C132974390,416189.26,270648.81,0,0
687,PAYMENT,22830.92,C1122462940,5176.0,0.0,M1836069160,0.0,0.0,0,0
306,CASH_OUT,212029.8,C1197230491,11357.0,0.0,C663357101,0.0,212029.8,0,0
8,CASH_OUT,181728.11,C2102265902,0.0,0.0,C789014007,11397.0,184477.77,1,0
154,CASH_OUT,213801.1,C1663116922,29139.0,0.0,C1561346322,38928.13,252729.23,0,0
131,CASH_OUT,275321.8,C196021675,0.0,0.0,C1852633892,1905065.21,2180387.01,0,0
163,CASH_IN,3534.86,C197819307,4634076.9,4637611.77,C1850862660,394323.3,390788.44,0,0
256,CASH_IN,237921.38,C239491685,222617.0,460538.38,C338699216,0.0,0.0,0,0
252,CASH_OUT,201125.81,C732355538,0.0,0.0,C1602093220,340350.13,541475.94,0,0
301,PAYMENT,11079.69,C2077926639,167.0,0.0,M462592157,0.0,0.0,0,0
163,TRANSFER,818934.54,C1885667452,0.0,0.0,C1933014250,1066779.34,1885713.88,0,0
527,PAYMENT,1878.3,C343574047,50613.0,48734.7,M607365253,0.0,0.0,0,0
546,CASH_OUT,101292.83,C978941067,0.0,0.0,C540670482,303934.26,405227.09,0,0
183,TRANSFER,627903.12,C1189870907,627903.12,0.0,C1726450502,0.0,0.0,1,0
253,CASH_OUT,227907.58,C1661398497,260181.0,32273.42,C8946437,0.0,227907.58,0,0
132,CASH_OUT,85918.4,C639392856,71378.0,0.0,C1180404509,2081285.6,2167204.0,0,0
186,CASH_OUT,73575.79,C2101142020,0.0,0.0,C1589422208,202632.04,276207.83,0,0
228,CASH_IN,153208.0,C383673778,10007541.31,10160749.32,C1666322784,1142869.24,989661.24,0,0
404,TRANSFER,1271412.67,C133788464,0.0,0.0,C1393374131,1677425.35,2948838.02,0,0
14,TRANSFER,2124262.15,C63374665,0.0,0.0,C1406968003,2273775.45,4782538.82,0,0
179,PAYMENT,17844.57,C678928113,0.0,0.0,M1539915870,0.0,0.0,0,0
299,CASH_OUT,239580.2,C402758304,14338.0,0.0,C1558841882,96221.06,335801.26,0,0
400,CASH_OUT,107997.98,C1815763238,56068.98,0.0,C2055104818,1600826.63,1708824.61,0,0
605,TRANSFER,222213.27,C1789325014,222213.27,0.0,C1793547874,0.0,0.0,1,0
303,CASH_OUT,123239.05,C1685828082,0.0,0.0,C581066558,772717.44,895956.49,0,0
127,CASH_OUT,701707.89,C906024214,701707.89,0.0,C322369737,3010281.05,3711988.94,1,0
352,PAYMENT,5492.39,C885708037,32018.0,26525.61,M1025408241,0.0,0.0,0,0
188,CASH_IN,210285.33,C346782906,18241858.4,18452143.73,C59941009,14580107.71,14369822.38,0,0
273,CASH_OUT,27059.86,C1750640057,27059.86,0.0,C139184111,361553.44,388613.29,1,0
275,PAYMENT,8505.24,C329766373,0.0,0.0,M993946545,0.0,0.0,0,0
35,CASH_OUT,292670.09,C1028573333,0.0,0.0,C286834421,1892434.86,2185104.94,0,0
165,PAYMENT,5839.13,C1998414445,3215.0,0.0,M803426153,0.0,0.0,0,0
204,CASH_IN,12189.98,C257166233,8037777.2,8049967.17,C1077763653,232055.31,219865.33,0,0
310,CASH_OUT,145501.91,C553409570,0.0,0.0,C2043535735,14874040.49,15019542.41,0,0
41,TRANSFER,964572.29,C2054957801,0.0,0.0,C1845022842,3781733.79,4746306.09,0,0
320,TRANSFER,62318.91,C57496265,62318.91,0.0,C1810937959,0.0,0.0,1,0
235,PAYMENT,12746.82,C810835971,0.0,0.0,M1740025098,0.0,0.0,0,0
215,CASH_IN,108613.09,C728681482,133.0,108746.09,C1177575938,645289.52,536676.43,0,0
181,PAYMENT,19447.37,C1721634450,75148.0,55700.63,M466234737,0.0,0.0,0,0
203,CASH_IN,275601.98,C65444566,367875.89,643477.87,C1582859424,325612.69,50010.71,0,0
307,PAYMENT,20952.71,C1058514940,10722.0,0.0,M796960751,0.0,0.0,0,0
253,PAYMENT,40398.71,C1642795372,21245.0,0.0,M1259647024,0.0,0.0,0,0
225,CASH_IN,135944.22,C1430320402,1993940.4,2129884.62,C1972227240,607005.08,471060.86,0,0
356,CASH_OUT,115466.85,C1527428106,451273.0,335806.15,C574066846,1170651.85,1286118.7,0,0
205,CASH_OUT,92755.47,C199704059,50153.0,0.0,C530532293,15944.58,108700.04,0,0
206,CASH_IN,134727.55,C966180083,15907.0,150634.55,C1115859452,383346.51,248618.97,0,0
184,PAYMENT,6722.46,C1102751616,50850.0,44127.54,M1312492344,0.0,0.0,0,0
203,CASH_IN,202693.88,C1179992032,6991970.76,7194664.64,C1961895478,10759379.83,10556685.95,0,0
19,CASH_IN,10713.18,C1590008853,153945.0,164658.18,C1212218920,618581.59,780905.3,0,0
227,CASH_OUT,391012.27,C1699082564,124345.0,0.0,C941140534,699809.5,1090821.77,0,0
490,PAYMENT,1160.53,C64023733,0.0,0.0,M976750550,0.0,0.0,0,0
376,PAYMENT,19600.34,C365733490,20547.0,946.66,M2026453065,0.0,0.0,0,0
567,CASH_OUT,3596.83,C828281311,3596.83,0.0,C1509838482,695666.18,699263.0,1,0
36,CASH_OUT,237594.2,C2015372286,0.0,0.0,C549221039,2656084.16,2893678.36,0,0
210,CASH_IN,38230.05,C497319092,6940722.44,6978952.5,C482717394,43938.85,5708.79,0,0
187,PAYMENT,3971.2,C1310152960,15121.0,11149.8,M1515106093,0.0,0.0,0,0
227,PAYMENT,7070.18,C401611215,11642.0,4571.82,M1981422448,0.0,0.0,0,0
161,PAYMENT,13676.57,C1449245395,11694.0,0.0,M1567939796,0.0,0.0,0,0
235,CASH_OUT,1369544.19,C407416654,1369544.19,0.0,C1267828367,571360.19,1940904.38,1,0
401,PAYMENT,27104.98,C815546694,756205.15,729100.16,M1827677433,0.0,0.0,0,0
275,CASH_OUT,150571.18,C370261176,53172.0,0.0,C1709048847,368567.48,519138.66,0,0
263,PAYMENT,4061.9,C1415479113,0.0,0.0,M99929816,0.0,0.0,0,0
205,CASH_IN,47219.01,C1579376054,21660589.12,21707808.12,C1405052929,493356.33,446137.32,0,0
93,PAYMENT,6082.19,C1035510836,43758.0,37675.81,M688301512,0.0,0.0,0,0
142,TRANSFER,674299.05,C202624663,50090.0,0.0,C1479773220,0.0,674299.05,0,0
134,CASH_IN,493737.81,C1575600912,23579500.57,24073238.38,C1143640237,777767.56,284029.75,0,0
352,CASH_IN,17053.96,C1143386062,6919345.05,6936399.01,C583893369,1030211.93,1013157.98,0,0
207,PAYMENT,40897.56,C1917276553,158026.81,117129.26,M1934567793,0.0,0.0,0,0
209,CASH_OUT,67856.7,C2104863776,0.0,0.0,C1713136334,1369756.57,1437613.27,0,0
377,CASH_IN,126433.63,C656538377,677.0,127110.63,C555626525,123365.82,0.0,0,0
355,CASH_IN,170354.71,C571933630,292.0,170646.71,C1448569925,1067638.49,897283.79,0,0
299,CASH_OUT,207691.78,C394014550,107912.0,0.0,C392599315,349718.73,557410.51,0,0
234,CASH_OUT,303117.81,C552633595,0.0,0.0,C1358912494,2438141.26,2741259.07,0,0
280,CASH_OUT,350111.34,C352566089,0.0,0.0,C1310402657,6919788.98,7833152.6,0,0
168,PAYMENT,8106.69,C1116798130,0.0,0.0,M550434234,0.0,0.0,0,0
14,PAYMENT,2779.48,C371180740,0.0,0.0,M38662998,0.0,0.0,0,0
44,CASH_OUT,272039.47,C1153485819,0.0,0.0,C50173596,1213412.24,1485451.71,0,0
276,PAYMENT,6107.43,C1497596579,10569.0,4461.57,M651164902,0.0,0.0,0,0
374,CASH_IN,67387.02,C803931488,4596602.79,4663989.81,C2078543575,153991.61,86604.59,0,0
333,CASH_IN,197426.84,C1520908408,2224569.67,2421996.51,C413480354,1500771.3,1303344.46,0,0
60,TRANSFER,1026208.84,C1813387968,1026208.84,0.0,C106857650,0.0,0.0,1,0
12,CASH_OUT,189059.93,C659693411,0.0,0.0,C1467301185,2869151.34,3266169.14,0,0
188,CASH_OUT,55428.0,C1722533953,20809.0,0.0,C1518170371,217302.58,272730.58,0,0
395,CASH_OUT,462273.31,C452501806,96457.0,0.0,C189558946,257992.44,720265.76,0,0
641,CASH_OUT,115599.26,C649566267,115599.26,0.0,C1937119864,2621088.84,2736688.1,1,0
277,PAYMENT,18026.3,C968945564,11571.0,0.0,M564584140,0.0,0.0,0,0
206,PAYMENT,6737.3,C1009709193,0.0,0.0,M1794494069,0.0,0.0,0,0
396,CASH_OUT,403811.46,C978136404,0.0,0.0,C660827718,8464689.43,9075058.82,0,0
137,CASH_OUT,290057.39,C273013132,0.0,0.0,C514467554,780103.34,1070160.73,0,0
164,CASH_IN,57370.19,C489651231,68036.0,125406.19,C1672320177,0.0,183571.23,0,0
210,PAYMENT,4648.12,C157170015,0.0,0.0,M1691264322,0.0,0.0,0,0
644,TRANSFER,513610.51,C2054490083,513610.51,0.0,C469157358,0.0,0.0,1,0
145,TRANSFER,9467.62,C384072543,9467.62,0.0,C588343679,0.0,0.0,1,0
186,CASH_OUT,87220.82,C1667468471,0.0,0.0,C1199193191,178666.41,265887.23,0,0
682,CASH_OUT,5271.46,C1642527163,5271.46,0.0,C1423205265,11605234.19,11610505.64,1,0
280,CASH_OUT,142805.9,C558786239,346.0,0.0,C780801258,551270.23,694076.13,0,0
355,CASH_IN,74580.87,C1612668199,221907.0,296487.87,C850106145,0.0,0.0,0,0
397,CASH_OUT,135164.3,C1487067457,5027.0,0.0,C685332077,0.0,135164.3,0,0
589,CASH_IN,39369.4,C202010279,5628845.31,5668214.71,C1199866611,104400.18,65030.79,0,0
352,CASH_OUT,7789.56,C276557227,0.0,0.0,C168113907,1933751.14,1941540.7,0,0
373,CASH_IN,24771.95,C2012861769,5340977.18,5365749.13,C806314377,1792756.62,1767984.66,0,0
132,CASH_OUT,80202.12,C1989531645,0.0,0.0,C1101827022,1785631.34,1865833.45,0,0
181,PAYMENT,6461.28,C179428977,137632.18,131170.9,M1242338355,0.0,0.0,0,0
326,CASH_OUT,383048.47,C2090830609,57036.0,0.0,C1545515550,0.0,383048.47,0,0
38,TRANSFER,535505.62,C210433848,137286.0,0.0,C560210903,76774.6,612280.22,0,0
374,CASH_OUT,82800.53,C720163440,0.0,0.0,C513169012,200520.36,283320.89,0,0
11,CASH_OUT,66335.15,C1193514504,1642.0,0.0,C1508569283,48523.57,627613.11,0,0
182,CASH_IN,121898.39,C1019961139,5017942.61,5139841.0,C1587280141,147446.76,25548.37,0,0
397,PAYMENT,25090.18,C165140553,1551.53,0.0,M282050267,0.0,0.0,0,0
457,TRANSFER,1017016.67,C870245711,1017016.67,0.0,C143653184,0.0,0.0,1,0
9,CASH_IN,92882.08,C506550401,6201258.11,6294140.19,C1973934667,1200108.9,848234.25,0,0
516,CASH_OUT,346293.24,C829436029,346293.24,0.0,C1738520779,750235.55,1096528.8,1,0
142,CASH_OUT,73064.41,C1088641911,73064.41,0.0,C1039637819,187838.1,260902.5,1,0
256,TRANSFER,111206.23,C1433925069,0.0,0.0,C1852933110,155093.45,266299.68,0,0
322,CASH_OUT,227385.69,C1303296219,370779.43,143393.74,C503690069,1262181.74,1489567.43,0,0
301,CASH_OUT,527193.88,C1570610294,55158.0,0.0,C1983898365,0.0,527193.88,0,0
140,CASH_OUT,51727.31,C1079432854,36927.0,0.0,C1795035439,536298.66,588025.97,0,0
710,TRANSFER,33613.11,C223934806,33613.11,0.0,C2052072681,0.0,0.0,1,0
297,CASH_OUT,68088.67,C1062235681,10894.0,0.0,C1540380723,281996.0,350084.67,0,0
155,PAYMENT,5608.91,C691944771,23926.48,18317.57,M321789973,0.0,0.0,0,0
187,PAYMENT,428.14,C1502064919,22436.0,22007.86,M2081152297,0.0,0.0,0,0
231,PAYMENT,7239.84,C1029021270,0.0,0.0,M1646579793,0.0,0.0,0,0
13,PAYMENT,47001.31,C378593513,20010.0,0.0,M1364763173,0.0,0.0,0,0
590,CASH_OUT,314671.6,C770592403,0.0,0.0,C831106317,4190515.21,4505186.81,0,0
298,CASH_OUT,96630.51,C621603045,0.0,0.0,C1481876112,340384.67,437015.19,0,0
347,CASH_OUT,185872.6,C353225634,0.0,0.0,C262228976,559045.34,744917.94,0,0
46,TRANSFER,46904.64,C1276011549,201849.0,154944.36,C1169244715,305811.88,352716.53,0,0
187,CASH_IN,39460.17,C105301764,32.0,39492.17,C74369035,5564.3,0.0,0,0
253,CASH_OUT,29399.57,C1791943897,201897.0,172497.43,C123513977,2732081.53,2657112.62,0,0
37,CASH_IN,269157.1,C1377889029,8179624.06,8448781.16,C1906172246,396646.68,127489.58,0,0
282,CASH_OUT,24797.85,C1082440343,140574.13,115776.28,C344925103,147336.25,172134.11,0,0
328,CASH_OUT,6391.6,C1610942799,6391.6,0.0,C1312990529,2954292.05,2960683.65,1,0
42,TRANSFER,433462.15,C318430587,0.0,0.0,C707062249,476562.47,910024.61,0,0
184,CASH_OUT,159932.57,C1417142801,53945.0,0.0,C142085543,511635.05,671567.62,0,0
260,CASH_OUT,140633.64,C2132639371,10194.0,0.0,C636348372,761230.69,901864.33,0,0
313,PAYMENT,10943.61,C407858878,464.0,0.0,M1749694034,0.0,0.0,0,0
252,CASH_IN,122831.36,C1003827481,4629.0,127460.36,C505493511,1806412.22,1652795.07,0,0
188,PAYMENT,107.41,C149679028,0.0,0.0,M844936749,0.0,0.0,0,0
277,PAYMENT,2416.89,C1160620852,18956.39,16539.49,M2588063,0.0,0.0,0,0
95,CASH_IN,546607.88,C1064216056,2724223.98,3270831.85,C1958187621,4282599.93,3735992.05,0,0
204,CASH_OUT,89410.17,C1007516492,39965.0,0.0,C1876253978,0.0,89410.17,0,0
37,PAYMENT,45308.29,C1575514284,172319.0,127010.71,M380206325,0.0,0.0,0,0
403,CASH_IN,268826.45,C581093985,3068.0,271894.45,C1284370270,765347.95,496521.49,0,0
225,TRANSFER,1946001.91,C1432310746,0.0,0.0,C182258969,4860766.24,6806768.15,0,0
625,TRANSFER,2571605.04,C991826252,2571605.04,0.0,C2045424554,0.0,0.0,1,0
674,TRANSFER,932922.6,C612277580,932922.6,0.0,C1507701948,0.0,0.0,1,0
203,CASH_IN,302841.7,C2058969639,4835723.9,5138565.6,C1000841133,3603974.04,3301132.33,0,0
140,PAYMENT,9931.25,C1006832549,423.09,0.0,M1333892247,0.0,0.0,0,0
13,CASH_IN,13308.13,C1719605217,9758448.83,9771756.95,C795714848,331125.32,344210.19,0,0
234,PAYMENT,1824.52,C1705365244,0.0,0.0,M318173488,0.0,0.0,0,0
657,TRANSFER,2429711.09,C1209540867,2429711.09,0.0,C1041044080,0.0,0.0,1,0
619,CASH_OUT,342824.59,C2137812902,0.0,0.0,C1229734854,4143380.92,4486205.51,0,0
11,PAYMENT,16129.94,C140774513,918623.51,902493.57,M242211757,0.0,0.0,0,0
287,PAYMENT,26600.16,C2076097215,49935.0,23334.84,M1846677410,0.0,0.0,0,0
242,TRANSFER,3210027.48,C386673709,3210027.48,0.0,C1956024073,0.0,0.0,1,0
283,CASH_OUT,376231.85,C1154794109,0.0,0.0,C492525521,426501.48,802733.34,0,0
210,CASH_OUT,11965.22,C445150816,6603.0,0.0,C1846159245,563648.2,575613.43,0,0
140,CASH_OUT,145643.58,C1869858149,0.0,0.0,C1363496863,949728.03,1095371.61,0,0
135,PAYMENT,4037.89,C1978418102,962371.18,958333.29,M712374611,0.0,0.0,0,0
45,TRANSFER,414437.46,C1930867745,37250.63,0.0,C228172830,1220854.6,1635292.06,0,0
257,CASH_OUT,113359.4,C1691482870,4070.0,0.0,C1236560241,89022.29,202381.69,0,0
265,TRANSFER,158214.43,C1151204098,158214.43,0.0,C1798298818,0.0,0.0,1,0
606,CASH_OUT,2582642.18,C989697555,2582642.18,0.0,C294901618,0.0,2582642.18,1,0
322,CASH_OUT,479813.7,C1622804426,10061.0,0.0,C569015074,0.0,479813.7,0,0
308,CASH_OUT,28399.89,C1758152946,11008.0,0.0,C2107268831,7488261.43,7516661.32,0,0
186,CASH_OUT,91411.42,C1634232435,0.0,0.0,C136718744,197747.01,289158.43,0,0
328,CASH_OUT,203115.07,C1920631203,10448.0,0.0,C1306132545,104574.92,307689.99,0,0
33,CASH_OUT,207722.54,C595281034,0.0,0.0,C1587467933,427888.96,635611.5,0,0
670,TRANSFER,738419.92,C1764251603,0.0,0.0,C1642777663,6044528.51,6782948.43,0,0
369,PAYMENT,172.5,C1781985352,11635.0,11462.5,M360890707,0.0,0.0,0,0
355,CASH_OUT,161402.6,C1044207886,12735.0,0.0,C284035569,0.0,161402.6,0,0
303,PAYMENT,5597.17,C1215257111,0.0,0.0,M1846901064,0.0,0.0,0,0
40,CASH_OUT,54490.0,C648910280,0.0,0.0,C2061053559,2982880.69,3037370.69,0,0
355,PAYMENT,5970.19,C104154271,20287.0,14316.81,M1405076241,0.0,0.0,0,0
692,CASH_OUT,22076.15,C907938868,24669.0,2592.85,C502877486,326774.5,348850.64,0,0
37,TRANSFER,5979556.06,C899260948,5979556.06,0.0,C1414206737,0.0,0.0,1,0
280,PAYMENT,19387.55,C1395761681,147929.0,128541.45,M682595145,0.0,0.0,0,0
127,CASH_OUT,6339.42,C1165570921,6339.42,0.0,C1106863643,342469.02,348808.44,1,0
332,CASH_IN,83288.56,C1818000443,15787370.03,15870658.59,C811601781,162910.16,79621.6,0,0
309,TRANSFER,96474.91,C1171171367,96474.91,0.0,C359717577,0.0,0.0,1,0
129,PAYMENT,1468.07,C294676547,0.0,0.0,M1741427545,0.0,0.0,0,0
207,CASH_IN,116926.4,C1081645377,5009161.45,5126087.85,C25596878,128944.06,12017.65,0,0
204,CASH_IN,17864.54,C12361815,699358.98,717223.52,C409867109,111697.99,78272.55,0,0
398,CASH_OUT,106309.74,C1420071320,0.0,0.0,C1510728374,3094209.16,3200518.9,0,0
21,PAYMENT,11999.73,C330647533,1042.0,0.0,M102688734,0.0,0.0,0,0
525,DEBIT,5212.27,C1496834521,32819.08,27606.81,C1664951631,1093119.94,1098332.2,0,0
373,TRANSFER,141410.98,C530984971,141410.98,0.0,C215554874,0.0,0.0,1,0
157,CASH_OUT,74098.12,C55323887,60126.0,0.0,C1031514950,53438.02,127536.14,0,0
346,CASH_IN,282003.54,C842926683,1038949.82,1320953.37,C1465896585,1192818.17,910814.62,0,0
731,CASH_OUT,219934.26,C2054799485,219934.26,0.0,C997585991,0.0,219934.26,1,0
161,CASH_IN,38214.96,C1759766695,6193142.47,6231357.42,C494151120,1004132.08,965917.12,0,0
10,CASH_IN,25589.44,C1182847472,72006.1,97595.55,C220204350,1003679.86,978090.42,0,0
216,PAYMENT,2926.1,C1572299305,10216.0,7289.9,M1502617205,0.0,0.0,0,0
280,CASH_OUT,308296.27,C1865058993,11533.0,0.0,C949838248,0.0,308296.27,0,0
617,TRANSFER,2542664.27,C786455622,2542664.27,2542664.27,C661958277,0.0,0.0,1,1
212,CASH_OUT,64013.45,C1186474009,10849.0,0.0,C1853603827,0.0,64013.45,0,0
182,PAYMENT,1680.4,C1768065423,0.0,0.0,M1897563240,0.0,0.0,0,0
281,PAYMENT,2523.11,C1538480550,57330.0,54806.89,M2065475810,0.0,0.0,0,0
405,TRANSFER,973805.75,C10712954,973805.75,0.0,C354003512,0.0,0.0,1,0
232,CASH_OUT,14964.38,C2117397228,0.0,0.0,C800097916,2701633.46,2716597.83,0,0
11,CASH_OUT,248748.76,C1179464643,1242.0,0.0,C722844186,75415.23,324163.98,0,0
350,CASH_IN,101766.77,C1713469808,10489689.03,10591455.8,C1408328276,162264.62,60497.85,0,0
182,CASH_OUT,550640.73,C469219178,21942.0,0.0,C1834690913,0.0,550640.73,0,0
398,CASH_IN,172828.63,C1116744143,51720.0,224548.63,C131660111,0.0,0.0,0,0
333,CASH_IN,280611.62,C2104677018,10494.0,291105.62,C1280146558,407549.88,126938.27,0,0
236,CASH_OUT,59355.15,C393504295,23224.74,0.0,C272795334,239382.03,298737.18,0,0
251,CASH_IN,2585.14,C273308080,26318131.48,26320716.62,C1205043946,1018226.03,1015640.89,0,0
130,CASH_OUT,429571.67,C1541434246,1635.0,0.0,C1030436736,2537789.28,2967360.95,0,0
37,PAYMENT,17072.8,C1565106217,27344.0,10271.2,M1317268087,0.0,0.0,0,0
250,CASH_OUT,0.0,C521393327,0.0,0.0,C480398193,0.0,0.0,1,0
351,CASH_IN,12230.72,C1202377755,2820892.21,2833122.93,C466163170,3228429.2,3216198.48,0,0
13,PAYMENT,22409.4,C241470584,16694.0,0.0,M1723543632,0.0,0.0,0,0
375,PAYMENT,4674.31,C1775675202,167633.73,162959.41,M1490306661,0.0,0.0,0,0
394,CASH_OUT,187815.36,C994531007,199466.0,11650.64,C279759786,5377973.26,5565788.61,0,0
304,CASH_OUT,114781.31,C681117016,11019.0,0.0,C781542894,1661138.46,1775919.77,0,0
402,CASH_IN,266823.29,C1040382457,262543.0,529366.29,C1687777568,108676.22,0.0,0,0
16,CASH_IN,25103.48,C1436243131,9101618.11,9126721.59,C726568200,1986355.84,2523340.38,0,0
190,PAYMENT,11383.76,C782267334,0.0,0.0,M85599132,0.0,0.0,0,0
41,CASH_IN,7032.63,C389369758,3846706.64,3853739.27,C196308419,704200.64,697168.01,0,0
226,CASH_OUT,9960382.4,C1041938819,9960382.4,0.0,C1108421533,95048.58,10055430.98,1,0
277,CASH_OUT,2947.96,C65525561,2181.0,0.0,C1667041036,158354.64,161302.59,0,0
421,CASH_OUT,1501341.87,C466100700,1501341.87,0.0,C552512951,0.0,1501341.87,1,0
236,PAYMENT,10978.83,C1157490272,14415.0,3436.17,M1582153427,0.0,0.0,0,0
20,CASH_IN,98135.09,C1023684866,19281.0,117416.09,C946378885,0.0,0.0,0,0
41,PAYMENT,2745.76,C259441330,0.0,0.0,M143491903,0.0,0.0,0,0
10,CASH_OUT,30275.12,C905352695,252273.31,221998.19,C1593205631,152797.14,18384.89,0,0
95,PAYMENT,5763.74,C1567720933,0.0,0.0,M813783285,0.0,0.0,0,0
305,PAYMENT,17441.3,C1580165889,88036.0,70594.7,M270738110,0.0,0.0,0,0
137,CASH_OUT,107056.47,C564749261,51969.0,0.0,C1520656616,195648.65,302705.11,0,0
260,PAYMENT,1924.96,C776951485,0.0,0.0,M1226074694,0.0,0.0,0,0
231,CASH_IN,157775.93,C570127983,4390027.83,4547803.76,C1739977453,6061080.83,5903304.91,0,0
183,PAYMENT,5805.65,C1091310936,264.0,0.0,M2042925527,0.0,0.0,0,0
103,TRANSFER,710385.55,C845451769,710385.55,0.0,C453650328,0.0,0.0,1,0
183,CASH_IN,17417.0,C1269968171,209.0,17626.0,C456368837,161822.68,144405.67,0,0
259,PAYMENT,5969.65,C1088357697,7384.0,1414.35,M1956999208,0.0,0.0,0,0
205,CASH_OUT,264381.76,C1126278937,0.0,0.0,C1560848868,2170182.37,2434564.13,0,0
183,PAYMENT,15356.39,C540697880,33885.0,18528.61,M1158195032,0.0,0.0,0,0
188,PAYMENT,3335.55,C2102117294,0.0,0.0,M1470045154,0.0,0.0,0,0
15,CASH_OUT,328029.12,C835917205,0.0,0.0,C1014957379,8154265.19,8482294.31,0,0
667,TRANSFER,193564.64,C606461407,308966.0,115401.36,C148568781,5449.4,199014.05,0,0
135,PAYMENT,28000.42,C1619725313,157.0,0.0,M849697036,0.0,0.0,0,0
164,PAYMENT,6304.8,C1124841659,0.0,0.0,M1683470213,0.0,0.0,0,0
181,PAYMENT,75.15,C767446070,0.0,0.0,M1409700741,0.0,0.0,0,0
179,CASH_IN,113712.13,C2097331336,1556305.38,1670017.51,C1295772746,153424.28,39712.15,0,0
308,PAYMENT,663.97,C330610394,0.0,0.0,M657007450,0.0,0.0,0,0
557,CASH_OUT,188844.13,C106930724,188844.13,0.0,C519905782,146960.09,335804.22,1,0
217,CASH_OUT,3452538.75,C747295947,3452538.75,0.0,C2039362232,2350433.08,5802971.83,1,0
377,CASH_IN,87475.66,C1056449657,8494648.52,8582124.18,C878385424,1319534.17,1232058.52,0,0
320,CASH_OUT,171200.54,C949614890,171200.54,0.0,C505532836,76266.33,247466.87,1,0
302,CASH_IN,313444.67,C364178720,6869487.56,7182932.23,C1122807946,705479.06,392034.39,0,0
254,CASH_IN,258940.13,C795025415,283109.45,542049.58,C1523779429,2478826.44,2219886.31,0,0
327,TRANSFER,126117.45,C455073869,0.0,0.0,C1560476015,5385862.44,5511979.89,0,0
209,CASH_IN,2489.43,C1382556112,18555306.7,18557796.13,C1661269408,197925.04,195435.61,0,0
38,PAYMENT,4880.2,C1601909897,163528.19,158647.99,M421048652,0.0,0.0,0,0
251,PAYMENT,12290.66,C142831257,0.0,0.0,M2023519040,0.0,0.0,0,0
207,PAYMENT,2097.07,C1486764518,0.0,0.0,M1334205990,0.0,0.0,0,0
260,PAYMENT,6227.57,C2010460053,509.0,0.0,M32062194,0.0,0.0,0,0
516,CASH_OUT,10000000.0,C934748606,10000000.0,0.0,C1976182150,195275.73,10195275.73,1,0
234,PAYMENT,8368.26,C688587261,0.0,0.0,M2147002301,0.0,0.0,0,0
324,CASH_IN,180505.98,C128453833,7822107.3,8002613.29,C501062892,1213235.64,1032729.66,0,0
322,CASH_IN,129135.76,C984359622,4588697.26,4717833.01,C133257769,179892.51,50756.75,0,0
465,CASH_OUT,4690769.98,C1265105517,4690769.98,0.0,C1603347069,0.0,4690769.98,1,0
656,TRANSFER,84007.22,C579843849,84007.22,0.0,C1006401921,0.0,0.0,1,0
297,CASH_OUT,140398.12,C157619814,0.0,0.0,C1832907360,2543471.78,2683869.9,0,0
262,CASH_OUT,110131.85,C185347191,641.0,0.0,C1389665189,0.0,110131.85,0,0
297,PAYMENT,33441.76,C1062531525,0.0,0.0,M2098809141,0.0,0.0,0,0
327,CASH_IN,341431.41,C48239606,111570.41,453001.82,C774105902,1242429.99,900998.57,0,0
182,CASH_OUT,179126.82,C1850603726,171288.0,0.0,C1211485055,89248.75,268375.57,0,0
279,PAYMENT,7578.9,C219725083,31934.0,24355.1,M135101252,0.0,0.0,0,0
205,CASH_IN,93371.21,C712326880,419479.69,512850.91,C548071520,170901.42,48900.87,0,0
40,CASH_IN,1178.19,C2016607733,4770760.74,4771938.93,C1252910321,329077.35,328949.11,0,0
227,CASH_IN,15451.81,C2018208009,256.0,15707.81,C1127854815,229798.58,214346.77,0,0
227,CASH_OUT,74573.57,C1597857148,39761.0,0.0,C1401729779,0.0,74573.57,0,0
596,PAYMENT,14955.77,C591857429,41010.0,26054.23,M1014814628,0.0,0.0,0,0
394,CASH_OUT,1303543.6,C1998756737,1303543.6,0.0,C786060499,48368.97,1351912.57,1,0
563,PAYMENT,6950.48,C479419515,83266.52,76316.04,M2025345090,0.0,0.0,0,0
183,CASH_OUT,130470.14,C1234230538,15027.0,0.0,C1086697873,1612353.85,1742823.99,0,0
351,CASH_IN,120658.4,C1444964370,10960.0,131618.4,C551545010,9653555.57,9532897.16,0,0
1,PAYMENT,11608.18,C1735962278,290.0,0.0,M81907268,0.0,0.0,0,0
181,PAYMENT,1610.37,C479026374,0.0,0.0,M1553766090,0.0,0.0,0,0
275,CASH_OUT,26820.5,C1106997523,11586.0,0.0,C184163720,4076223.65,4260336.49,0,0
252,CASH_OUT,63322.38,C395265309,52178.0,0.0,C207532578,3627191.79,4125051.77,0,0
135,CASH_IN,5145.56,C1277933424,879.0,6024.56,C1058271009,277037.0,271891.44,0,0
136,CASH_OUT,72286.76,C1540455938,0.0,0.0,C728152524,3106628.47,3178915.22,0,0
343,TRANSFER,237943.62,C421063586,237943.62,0.0,C339061789,0.0,0.0,1,0
232,CASH_OUT,79947.84,C1373352784,0.0,0.0,C1745342438,450133.39,530081.23,0,0
283,CASH_OUT,248192.7,C849792211,0.0,0.0,C1437859690,2236339.27,2484531.98,0,0
321,PAYMENT,3365.18,C1128120340,11696.0,8330.82,M646554078,0.0,0.0,0,0
156,CASH_IN,315250.07,C1611088543,1072001.35,1387251.42,C1601116919,1362530.11,1047280.04,0,0
330,CASH_IN,243924.63,C202472174,489.0,244413.63,C1493422862,160822.53,0.0,0,0
351,CASH_OUT,110792.3,C1181816051,144919.0,34126.7,C1072724854,0.0,110792.3,0,0
225,PAYMENT,2745.82,C1528156718,0.0,0.0,M1396601568,0.0,0.0,0,0
357,CASH_OUT,210350.31,C731516891,0.0,0.0,C769030939,14626558.16,14836908.46,0,0
1,CASH_OUT,25071.46,C1275464847,25071.46,0.0,C1364913072,9083.76,34155.22,1,0
328,CASH_IN,82491.37,C1060839064,7701944.86,7784436.23,C2138063305,92548.75,10057.39,0,0
423,CASH_OUT,396757.22,C1392636479,396757.22,0.0,C1861392747,167363.79,564121.01,1,0
588,TRANSFER,1235865.17,C1275611574,13989.0,0.0,C1411841980,0.0,1235865.17,0,0
374,CASH_OUT,700523.69,C2113506271,700523.69,0.0,C1469541574,1633037.51,2333561.21,1,0
420,TRANSFER,341956.42,C1806925834,341956.42,0.0,C814150801,0.0,0.0,1,0
327,CASH_OUT,415785.89,C1388535947,415785.89,0.0,C1984912341,2903051.84,3318837.73,1,0
270,CASH_OUT,134623.95,C887694892,134623.95,0.0,C159277723,731682.46,866306.41,1,0
639,CASH_OUT,711932.67,C224350249,711932.67,0.0,C1555994470,20563.09,732495.77,1,0
262,TRANSFER,1581.22,C2093605582,0.0,0.0,C1182420023,2662043.25,2663624.48,0,0
377,PAYMENT,18720.21,C637952929,259.0,0.0,M548815388,0.0,0.0,0,0
325,TRANSFER,1445166.74,C757889087,1445166.74,0.0,C688244166,0.0,0.0,1,0
540,CASH_OUT,3707342.38,C633635438,3707342.38,0.0,C1640217168,558618.2,4265960.58,1,0
237,PAYMENT,8012.95,C1239135638,31106.0,23093.05,M362088432,0.0,0.0,0,0
336,CASH_OUT,178482.97,C1393269292,0.0,0.0,C589701797,258668.68,437151.65,0,0
402,CASH_OUT,235457.41,C1591180580,0.0,0.0,C397631233,750762.78,986220.19,0,0
216,CASH_IN,183452.99,C1869755152,2311788.22,2495241.21,C1908052745,622197.11,438744.12,0,0
256,CASH_OUT,82.09,C1220586450,0.0,0.0,C594158462,3172579.9,3172661.99,0,0
399,TRANSFER,2425349.93,C1249800341,49819.0,0.0,C700808643,1307996.18,3733346.11,0,0
355,PAYMENT,10486.78,C1562950731,10458.0,0.0,M660894970,0.0,0.0,0,0
178,CASH_OUT,96217.13,C341943468,0.0,0.0,C598331044,2106424.09,2202641.23,0,0
386,CASH_OUT,442290.23,C619581802,442290.23,0.0,C2040999493,0.0,442290.23,1,0
162,PAYMENT,19082.55,C46127139,0.0,0.0,M762071691,0.0,0.0,0,0
35,CASH_OUT,91670.65,C1332044310,45830.0,0.0,C1121810991,36895.69,128566.34,0,0
627,TRANSFER,2756011.78,C484256849,2756011.78,0.0,C1955850901,0.0,0.0,1,0
259,PAYMENT,6097.08,C1367671379,0.0,0.0,M2090490811,0.0,0.0,0,0
283,CASH_OUT,101515.68,C1732619853,101515.68,0.0,C113661013,0.0,101515.68,1,0
19,CASH_OUT,317838.12,C448127190,855.0,0.0,C58470057,2232964.77,3097804.35,0,0
17,PAYMENT,18339.57,C1372340885,0.0,0.0,M337468918,0.0,0.0,0,0
398,PAYMENT,3827.46,C1335796890,0.0,0.0,M669887223,0.0,0.0,0,0
302,TRANSFER,808947.96,C1845281383,543.0,0.0,C2054132457,3120696.02,3929643.98,0,0
544,CASH_OUT,533811.49,C2024445573,62845.0,0.0,C454190386,28695.65,562507.14,0,0
375,TRANSFER,667733.81,C1449311251,667733.81,0.0,C1975743671,0.0,0.0,1,0
10,CASH_OUT,181024.65,C382017848,0.0,0.0,C1031639563,8848194.11,11648737.41,0,0
159,TRANSFER,463561.53,C1648822578,0.0,0.0,C168713,1340510.34,1804071.86,0,0
140,TRANSFER,458941.46,C971262778,0.0,0.0,C435957655,1553477.21,2012418.67,0,0
226,CASH_IN,118592.42,C1801958643,4919120.4,5037712.82,C1149717048,1776931.14,1658338.73,0,0
305,CASH_OUT,300373.76,C2005784096,403953.0,103579.24,C548708102,0.0,300373.76,0,0
212,PAYMENT,3315.8,C1894540477,189502.55,186186.75,M2083073424,0.0,0.0,0,0
190,CASH_OUT,248620.68,C1807600110,43703.0,0.0,C598409349,381314.44,629935.11,0,0
340,TRANSFER,4896179.38,C1482401390,4896179.38,0.0,C1010534882,0.0,0.0,1,0
349,CASH_OUT,203475.11,C490820972,90744.0,0.0,C181639511,1106985.08,1310460.19,0,0
251,CASH_IN,180289.6,C2070108348,224.0,180513.6,C229948115,1722607.04,1542317.44,0,0
278,CASH_OUT,228511.52,C296375559,0.0,0.0,C138294098,646679.58,875191.1,0,0
279,CASH_OUT,14904.22,C1578084109,54604.0,39699.78,C2060384192,101813.97,116718.19,0,0
42,PAYMENT,1580.61,C2038111498,6748.0,5167.39,M407778015,0.0,0.0,0,0
18,PAYMENT,475.47,C1920642001,0.0,0.0,M84408228,0.0,0.0,0,0
185,CASH_OUT,84955.38,C925566596,38273.0,0.0,C2105144320,4340982.47,4123710.91,0,0
404,PAYMENT,19505.49,C333361657,9692.0,0.0,M549023019,0.0,0.0,0,0
181,TRANSFER,1644749.94,C744563060,1644749.94,0.0,C300922639,0.0,0.0,1,0
283,PAYMENT,5166.84,C546395432,1220.0,0.0,M2069362615,0.0,0.0,0,0
258,PAYMENT,4818.99,C1305079941,0.0,0.0,M141082189,0.0,0.0,0,0
254,CASH_IN,134674.96,C670878188,3074.0,137748.96,C847304332,84118.83,0.0,0,0
37,TRANSFER,523979.82,C1352072598,20464.0,0.0,C552665226,78682.81,602662.63,0,0
399,PAYMENT,15247.92,C968344436,0.0,0.0,M1772344007,0.0,0.0,0,0
185,CASH_OUT,16770.46,C1569754428,0.0,0.0,C436153761,4006240.76,4023011.22,0,0
205,PAYMENT,9473.8,C782812625,21354.0,11880.2,M313839644,0.0,0.0,0,0
236,CASH_OUT,284022.43,C1653668566,0.0,0.0,C1909291817,1864347.19,2148369.62,0,0
204,PAYMENT,4809.82,C221688556,0.0,0.0,M1381374313,0.0,0.0,0,0
206,CASH_OUT,243071.97,C666796888,318334.0,75262.03,C872535276,0.0,243071.97,0,0
423,CASH_IN,274290.13,C1790509744,3594443.46,3868733.6,C1055290709,903413.82,629123.69,0,0
187,CASH_IN,134631.95,C449739675,6253765.31,6388397.26,C1635081878,905936.34,771304.39,0,0
404,PAYMENT,4818.93,C1100053937,53983.94,49165.01,M1781995991,0.0,0.0,0,0
135,TRANSFER,463076.26,C1519133200,0.0,0.0,C922535914,3683517.91,4146594.16,0,0
47,PAYMENT,1452.84,C1307533322,31521.0,30068.16,M479370596,0.0,0.0,0,0
476,TRANSFER,468599.79,C1023402674,468599.79,0.0,C1914393339,0.0,0.0,1,0
285,PAYMENT,11169.99,C1103161349,0.0,0.0,M1625472644,0.0,0.0,0,0
326,CASH_OUT,472964.26,C1053551122,0.0,0.0,C1075483884,635879.43,1108843.69,0,0
379,TRANSFER,531908.56,C1095520768,182394.71,0.0,C1690933552,42177140.37,42709048.93,0,0
307,CASH_IN,397044.37,C1085570716,20413.0,417457.37,C1509885215,0.0,0.0,0,0
15,PAYMENT,67.99,C13701781,0.0,0.0,M1036077615,0.0,0.0,0,0
85,CASH_OUT,678058.75,C9701690,678058.75,0.0,C617022852,7175958.36,7854017.11,1,0
13,CASH_IN,174065.67,C2137903211,2331629.65,2505695.31,C261292810,6391031.49,5839892.96,0,0
132,PAYMENT,35836.27,C264259878,0.0,0.0,M976419109,0.0,0.0,0,0
158,PAYMENT,224.23,C625162218,0.0,0.0,M1411613272,0.0,0.0,0,0
402,TRANSFER,4010130.95,C755362277,0.0,0.0,C333889992,13083636.2,17093767.15,0,0
373,PAYMENT,3756.17,C1946137987,118180.0,114423.83,M1090361192,0.0,0.0,0,0
130,TRANSFER,1171450.79,C2069696079,0.0,0.0,C867344810,6028977.65,9074729.51,0,0
163,CASH_OUT,163294.35,C1921431894,163294.35,0.0,C1280060028,234212.42,397506.77,1,0
331,CASH_OUT,248972.12,C675346727,50107.0,0.0,C1424279758,3551689.71,3800661.83,0,0
156,CASH_OUT,155693.09,C128412589,0.0,0.0,C518173085,3168900.57,3324593.65,0,0
160,CASH_IN,86252.9,C1072979968,16087266.41,16173519.31,C971094101,660882.34,574629.43,0,0
668,TRANSFER,307455.42,C103081762,307455.42,0.0,C132241183,0.0,0.0,1,0
301,CASH_OUT,109043.05,C2050667327,0.0,0.0,C1705800632,4712020.49,4821063.54,0,0
381,PAYMENT,2762.21,C830529692,20245.0,17482.79,M1374220849,0.0,0.0,0,0
394,CASH_IN,320109.38,C1748218895,5582900.82,5903010.2,C1083575947,1072975.9,752866.52,0,0
656,TRANSFER,766257.55,C904749186,766257.55,0.0,C1046618860,0.0,0.0,1,0
396,CASH_OUT,58195.68,C542767527,109260.73,51065.05,C1602724820,1181505.86,1239701.54,0,0
356,CASH_IN,37375.25,C548950147,6583.0,43958.25,C1952162677,245183.32,331661.55,0,0
330,CASH_OUT,153014.22,C1271153632,1072.39,0.0,C2017394830,707676.85,860691.07,0,0
356,CASH_IN,238779.98,C1017722020,83610.0,322389.98,C1040430792,1881.07,0.0,0,0
9,CASH_OUT,158965.28,C1267586700,10063.0,0.0,C642584095,95034.34,416635.0,0,0
249,CASH_IN,142055.5,C224652305,7129589.37,7271644.86,C269410733,183181.17,41125.67,0,0
325,CASH_OUT,118912.73,C275456765,0.0,0.0,C959259372,616986.76,735899.49,0,0
332,CASH_IN,382436.61,C1052399034,3227701.21,3610137.82,C1759622640,1771007.83,1388571.21,0,0
382,TRANSFER,97885.75,C1721106432,18574.0,0.0,C1890202407,0.0,97885.75,0,0
404,CASH_IN,295769.28,C479995698,1006535.32,1302304.6,C885792675,323027.28,27257.99,0,0
374,CASH_OUT,243747.83,C962574299,243747.83,0.0,C1896575242,972569.6,1216317.42,1,0
394,PAYMENT,10472.39,C841932967,0.0,0.0,M615777723,0.0,0.0,0,0
281,PAYMENT,18050.82,C18423719,443806.34,425755.52,M815995334,0.0,0.0,0,0
158,CASH_OUT,70936.06,C1751563694,0.0,0.0,C1346506482,360875.07,431811.13,0,0
277,PAYMENT,4335.76,C1634227921,0.0,0.0,M1330514645,0.0,0.0,0,0
131,PAYMENT,7339.66,C738745709,0.0,0.0,M1048350786,0.0,0.0,0,0
35,CASH_IN,235604.27,C548105129,10661181.71,10896785.98,C1993078563,10903185.32,11042914.23,0,0
204,PAYMENT,6620.75,C43218678,19983.0,13362.25,M1878356993,0.0,0.0,0,0
18,CASH_OUT,223484.57,C441212385,0.0,0.0,C811272216,302449.17,525933.74,0,0
283,PAYMENT,5849.5,C1715365423,46446.38,40596.87,M536433879,0.0,0.0,0,0
297,PAYMENT,15851.36,C66947433,13997.0,0.0,M1017414211,0.0,0.0,0,0
34,CASH_OUT,129885.1,C2115033383,95846.36,0.0,C1726103926,0.0,129885.1,0,0
335,PAYMENT,1038.74,C800667838,55214.7,54175.96,M670852040,0.0,0.0,0,0
295,CASH_OUT,9366.63,C2043788136,9366.63,0.0,C1314872657,51153.4,60520.03,1,0
278,PAYMENT,5760.33,C1745645770,0.0,0.0,M1658988620,0.0,0.0,0,0
302,CASH_OUT,115072.88,C425878709,108875.0,0.0,C922596127,0.0,115072.88,0,0
351,TRANSFER,483858.5,C1687074941,10118.0,0.0,C266403122,0.0,483858.5,0,0
12,PAYMENT,4475.1,C132191955,0.0,0.0,M2072516394,0.0,0.0,0,0
140,CASH_OUT,28399.92,C290858247,96560.0,68160.08,C2004275725,14990450.05,15018849.97,0,0
7,PAYMENT,2834.08,C967701734,352535.03,349700.95,M1932104087,0.0,0.0,0,0
397,CASH_OUT,306606.0,C1674653382,16213.0,0.0,C1414328535,213526.21,520132.21,0,0
37,CASH_IN,125765.72,C127157506,8102333.6,8228099.32,C642742884,1541203.37,1911524.68,0,0
300,PAYMENT,28825.27,C1757096895,109.0,0.0,M458295576,0.0,0.0,0,0
327,CASH_IN,374105.41,C1537848268,593.0,374698.41,C1901549861,0.0,0.0,0,0
43,CASH_OUT,65473.02,C572565134,43524.0,0.0,C321464986,0.0,65473.02,0,0
400,PAYMENT,6058.76,C178609448,14168.0,8109.24,M730235007,0.0,0.0,0,0
405,CASH_OUT,255818.66,C363514421,65356.0,0.0,C101067174,0.0,255818.66,0,0
449,CASH_OUT,151649.05,C11681688,38953.0,0.0,C2042722611,6046179.85,6197828.9,0,0
259,PAYMENT,8740.03,C749048919,105443.0,96702.97,M1468532226,0.0,0.0,0,0
404,CASH_IN,315970.81,C1505808657,153262.0,469232.81,C2003568833,4877749.35,4561778.54,0,0
476,PAYMENT,683.43,C1465662641,20192.05,19508.62,M512549211,0.0,0.0,0,0
372,CASH_OUT,131870.15,C1438258562,0.0,0.0,C1756877039,7448693.72,7580563.87,0,0
129,TRANSFER,1864022.05,C1076727002,1864022.05,0.0,C192399554,0.0,149522.78,1,0
460,TRANSFER,2059980.16,C1506089450,2059980.16,0.0,C1564280287,0.0,0.0,1,0
325,CASH_OUT,20183.03,C1265601636,39197.0,19013.97,C459126332,894493.45,914676.47,0,0
139,PAYMENT,3950.52,C688521626,13921.0,9970.48,M1219461971,0.0,0.0,0,0
544,TRANSFER,273555.5,C1607375165,0.0,0.0,C1478535581,11631446.99,11905002.49,0,0
258,TRANSFER,29280.46,C236282948,29280.46,0.0,C489338831,0.0,0.0,1,0
235,CASH_OUT,85104.89,C875394959,0.0,0.0,C1699874373,636239.64,721344.53,0,0
372,TRANSFER,84886.98,C1018514636,0.0,0.0,C637629765,1193368.17,1278255.15,0,0
211,CASH_OUT,33392.15,C593017278,0.0,0.0,C828949589,460721.17,494113.32,0,0
393,PAYMENT,32066.31,C1391768392,58551.95,26485.64,M342294524,0.0,0.0,0,0
345,CASH_IN,41318.16,C2138913486,115535.0,156853.16,C2077818519,1181571.06,1140252.9,0,0
396,CASH_OUT,197354.54,C1149049856,57772.0,0.0,C1005446513,298327.07,495681.61,0,0
276,CASH_IN,180611.51,C353839406,11090.0,191701.51,C522912459,295720.94,115109.43,0,0
158,CASH_OUT,188712.31,C834051665,0.0,0.0,C1747598649,1827884.2,2016596.51,0,0
138,CASH_OUT,87198.08,C471402667,20356.0,0.0,C595637674,26463.06,113661.14,0,0
41,CASH_OUT,35345.75,C670601784,31214.0,0.0,C1113095645,44519.23,79864.98,0,0
12,CASH_OUT,207214.3,C543535749,42137.0,0.0,C1182630993,606280.71,813495.01,0,0
282,PAYMENT,6581.59,C632446414,29985.0,23403.41,M738632526,0.0,0.0,0,0
257,CASH_OUT,152215.21,C138380202,20061.0,0.0,C1451922395,12299.53,164514.74,0,0
164,TRANSFER,181784.4,C906145898,0.0,0.0,C1801597094,1001247.25,720410.13,0,0
308,CASH_OUT,122857.39,C1615201697,7001.0,0.0,C1264808298,0.0,122857.39,0,0
159,CASH_OUT,327091.17,C266363134,20489.0,0.0,C1725539340,0.0,327091.17,0,0
626,TRANSFER,32382.31,C419450286,32382.31,0.0,C1968828091,0.0,0.0,1,0
656,PAYMENT,7164.51,C2010909629,10576.0,3411.49,M9034426,0.0,0.0,0,0
285,CASH_OUT,198225.35,C2114653559,115628.25,0.0,C1837917907,1089529.49,1287754.84,0,0
39,CASH_IN,70595.3,C508065474,73812.0,144407.3,C539475531,0.0,0.0,0,0
673,TRANSFER,509929.36,C2030908166,4653.45,0.0,C2101345143,1543358.08,2053287.44,0,0
275,PAYMENT,10562.42,C543364809,0.0,0.0,M1023541621,0.0,0.0,0,0
498,CASH_OUT,95064.86,C1633870313,95064.86,0.0,C623604516,261235.49,356300.35,1,0
329,TRANSFER,629803.29,C765507859,554.0,0.0,C960792102,32530.48,662333.77,0,0
187,CASH_OUT,218575.92,C1398136284,64.0,0.0,C1588637762,0.0,218575.92,0,0
155,PAYMENT,38158.47,C867786573,105545.82,67387.35,M812903670,0.0,0.0,0,0
326,CASH_OUT,257731.31,C302812607,110832.0,0.0,C2038718752,49085.72,306817.03,0,0
425,TRANSFER,460434.46,C2045767963,460434.46,0.0,C1868484572,0.0,0.0,1,0
355,CASH_OUT,135329.77,C1539254214,12273.0,0.0,C518766888,1805849.82,1941179.58,0,0
277,TRANSFER,64720.64,C290887473,0.0,0.0,C315679728,88527.91,153248.55,0,0
18,TRANSFER,246833.49,C580263686,14738.0,0.0,C1154280433,6748676.25,6995509.73,0,0
255,PAYMENT,13458.83,C616995123,0.0,0.0,M998335452,0.0,0.0,0,0
208,PAYMENT,14811.15,C17611315,0.0,0.0,M1330798125,0.0,0.0,0,0
476,CASH_IN,183001.8,C130584647,6576428.67,6759430.47,C1565682436,418715.09,235713.29,0,0
372,CASH_OUT,69602.08,C2064556746,103547.0,33944.92,C533380115,0.0,69602.08,0,0
325,CASH_IN,1518.66,C399890270,52186.0,53704.66,C1019906043,630767.53,629248.87,0,0
44,PAYMENT,7291.3,C2042846227,237.0,0.0,M1622536355,0.0,0.0,0,0
183,PAYMENT,8766.1,C1868750954,52434.0,43667.9,M519312324,0.0,0.0,0,0
595,CASH_OUT,129334.48,C1830490515,50149.0,0.0,C1804780803,732054.61,861389.09,0,0
328,CASH_OUT,150271.66,C683428234,0.0,0.0,C275925618,1580606.41,1730878.07,0,0
575,TRANSFER,1489916.19,C872785069,1489916.19,0.0,C2067948985,0.0,0.0,1,0
33,CASH_IN,225959.81,C1050090531,363576.14,589535.95,C1267421749,473847.48,247887.68,0,0
626,CASH_OUT,55740.39,C931224089,55740.39,0.0,C1157817503,1659141.34,1714881.73,1,0
358,TRANSFER,5656416.95,C441240054,5656416.95,0.0,C1113984965,0.0,0.0,1,0
479,CASH_OUT,182478.05,C419641704,0.0,0.0,C1472738508,1351167.68,1533645.73,0,0
133,PAYMENT,8122.54,C956857543,846108.62,837986.08,M568618940,0.0,0.0,0,0
400,PAYMENT,17749.15,C598409721,28918.0,11168.85,M1059799356,0.0,0.0,0,0
175,TRANSFER,87622.5,C344677665,87622.5,0.0,C1831197115,0.0,0.0,1,0
377,CASH_OUT,170374.9,C1839663124,0.0,0.0,C1757926695,550937.35,721312.25,0,0
369,PAYMENT,4187.99,C1822405614,66618.18,62430.19,M1217204724,0.0,0.0,0,0
400,CASH_IN,402305.78,C2137440650,14458969.76,14861275.53,C2061354468,4839620.52,4437314.75,0,0
348,CASH_OUT,7969.99,C1370741172,80808.0,72838.01,C128132764,104851.77,112821.76,0,0
283,CASH_OUT,373089.24,C1586314055,0.0,0.0,C797079211,717347.99,1090437.23,0,0
308,PAYMENT,13516.33,C454801560,0.0,0.0,M1403624664,0.0,0.0,0,0
257,TRANSFER,80693.54,C2049861483,0.0,0.0,C285090722,241966.29,322659.84,0,0
172,TRANSFER,1116508.49,C662766800,1116508.49,0.0,C18004144,0.0,0.0,1,0
404,PAYMENT,4760.61,C198783464,0.0,0.0,M2141041050,0.0,0.0,0,0
397,TRANSFER,173593.95,C1688357606,14882.12,0.0,C386621202,1995320.45,2168914.4,0,0
476,CASH_OUT,313895.02,C668772315,4119.0,0.0,C120602430,0.0,313895.02,0,0
399,CASH_IN,173438.63,C814696238,11015.0,184453.63,C940309123,0.0,0.0,0,0
428,PAYMENT,3980.1,C1215194363,90759.0,86778.9,M706058376,0.0,0.0,0,0
259,TRANSFER,248071.56,C1429503291,248071.56,0.0,C1044014885,0.0,0.0,1,0
355,PAYMENT,245.69,C909772398,0.0,0.0,M935461339,0.0,0.0,0,0
202,PAYMENT,41213.26,C584089099,0.0,0.0,M1956464600,0.0,0.0,0,0
325,CASH_OUT,39445.06,C1674776935,85121.0,45675.94,C205183544,68661.94,108106.99,0,0
42,PAYMENT,8427.64,C628223745,169310.63,160882.99,M537946735,0.0,0.0,0,0
1,PAYMENT,1033.44,C223975178,10043.0,9009.56,M507583873,0.0,0.0,0,0
402,CASH_OUT,42274.96,C1511372633,0.0,0.0,C875790746,120937.79,163212.75,0,0
531,CASH_OUT,834203.65,C647849713,834203.65,0.0,C1237314192,0.0,834203.65,1,0
300,CASH_OUT,121202.55,C1522917997,0.0,0.0,C395035071,203713.87,324916.42,0,0
281,CASH_OUT,20087.52,C90046602,16130.0,0.0,C1162826388,0.0,20087.52,0,0
8,PAYMENT,10180.87,C959784808,2422222.36,2412041.49,M379169334,0.0,0.0,0,0
129,TRANSFER,1290159.91,C1111479116,405239.86,0.0,C982997256,8492167.66,9782327.57,0,0
544,CASH_IN,353283.97,C203277887,7805647.52,8158931.49,C281200811,5579437.46,5226153.48,0,0
354,CASH_OUT,271503.44,C1639201997,49268.0,0.0,C896308097,0.0,271503.44,0,0
12,PAYMENT,12601.33,C1951008270,1528.0,0.0,M236843917,0.0,0.0,0,0
259,CASH_OUT,74112.45,C1446712106,350.0,0.0,C495103363,431075.13,505187.58,0,0
356,PAYMENT,12416.74,C1540167020,99616.31,87199.58,M1153886945,0.0,0.0,0,0
217,TRANSFER,89415.12,C1403205180,0.0,0.0,C1830456105,756695.05,846110.17,0,0
297,CASH_OUT,64329.52,C219657382,0.0,0.0,C1030747237,840765.0,905094.52,0,0
187,PAYMENT,3212.47,C598907305,38981.0,35768.53,M747261773,0.0,0.0,0,0
330,PAYMENT,8187.36,C1898822294,127044.0,118856.64,M1114050682,0.0,0.0,0,0
203,CASH_IN,5800.6,C1427964590,2034715.72,2040516.32,C912827231,57302.35,51501.75,0,0
43,TRANSFER,99632.67,C1556274360,11482.0,0.0,C799376886,3388.35,103021.03,0,0
207,CASH_OUT,68141.89,C574363616,0.0,0.0,C1567038818,78057.3,146199.19,0,0
689,TRANSFER,291527.75,C342207020,291527.75,0.0,C276080220,0.0,0.0,1,0
165,PAYMENT,41313.67,C1135328555,6962.25,0.0,M1885688104,0.0,0.0,0,0
154,PAYMENT,8256.38,C1613530750,1071.0,0.0,M750153797,0.0,0.0,0,0
243,CASH_OUT,1290193.08,C876181265,1290193.08,0.0,C24324787,0.0,1290193.08,1,0
135,PAYMENT,9916.38,C1942728456,0.0,0.0,M365093276,0.0,0.0,0,0
712,TRANSFER,344886.44,C333316191,344886.44,0.0,C320679459,0.0,0.0,1,0
297,CASH_OUT,306116.1,C1203996095,17677.0,0.0,C1427304768,0.0,306116.1,0,0
349,PAYMENT,66416.21,C1213353932,65119.0,0.0,M173947478,0.0,0.0,0,0
210,CASH_OUT,174657.46,C756423908,10122.0,0.0,C23432160,833059.23,1007716.7,0,0
536,TRANSFER,624686.04,C1401632766,624686.04,0.0,C1786081115,0.0,0.0,1,0
349,CASH_IN,351042.82,C1013249103,4970069.58,5321112.41,C1664098401,899547.9,548505.07,0,0
569,CASH_OUT,103053.5,C2095247665,103053.5,0.0,C759846487,99565.57,202619.07,1,0
370,CASH_OUT,91064.96,C1431470142,688.0,0.0,C1212402419,0.0,91064.96,0,0
19,PAYMENT,1594.89,C1850531422,0.0,0.0,M752541590,0.0,0.0,0,0
509,CASH_OUT,2656973.04,C759396393,2656973.04,0.0,C899155690,654028.45,3311001.49,1,0
595,CASH_OUT,275757.53,C886541807,259.0,0.0,C155975875,435747.5,711505.03,0,0
322,PAYMENT,54696.86,C1891405794,45060.0,0.0,M282618018,0.0,0.0,0,0
277,CASH_OUT,226804.13,C1689100758,226804.13,0.0,C689972990,364697.02,736003.89,1,0
205,CASH_OUT,64957.17,C1038819243,40159.0,0.0,C928885458,62138.64,127095.82,0,0
319,TRANSFER,92545.17,C1699397290,92545.17,0.0,C495812513,0.0,0.0,1,0
276,CASH_IN,174262.18,C1301595738,3604324.54,3778586.72,C1290598065,226221.84,51959.66,0,0
352,TRANSFER,154052.34,C2069798530,154052.34,0.0,C2110724119,0.0,0.0,1,0
306,CASH_OUT,192186.75,C1502844487,6909.0,0.0,C2145405430,598480.58,790667.33,0,0
38,CASH_IN,472699.54,C528106043,2277350.04,2750049.58,C676273835,3645039.18,3425323.06,0,0
307,CASH_OUT,370117.3,C256466927,11531.0,0.0,C919601483,37890.59,383857.47,0,0
158,PAYMENT,11693.95,C279478114,0.0,0.0,M2067691591,0.0,0.0,0,0
184,PAYMENT,130.16,C466947698,0.0,0.0,M109947807,0.0,0.0,0,0
401,CASH_OUT,144074.82,C1240379276,0.0,0.0,C327278630,2357542.08,2390845.34,0,0
278,CASH_OUT,89303.18,C1076967657,89303.18,0.0,C1033435572,131088.75,220391.93,1,0
162,CASH_OUT,162857.67,C623995856,0.0,0.0,C1523557746,7548647.92,7807298.15,0,0
358,PAYMENT,7118.59,C2057478394,2362.0,0.0,M5314215,0.0,0.0,0,0
188,PAYMENT,1864.49,C320528557,131200.2,129335.71,M777703630,0.0,0.0,0,0
324,PAYMENT,5646.44,C714191368,26790.57,21144.13,M1723727450,0.0,0.0,0,0
374,PAYMENT,4946.78,C1461364729,51656.9,46710.12,M2051440253,0.0,0.0,0,0
378,CASH_IN,185918.63,C362106214,32487.0,218405.63,C916911976,35444781.91,35258863.28,0,0
179,CASH_OUT,249874.18,C919347938,0.0,0.0,C1839617887,537301.22,787175.39,0,0
378,CASH_OUT,152349.19,C1220308244,15678.0,0.0,C1459280715,3866648.05,4018997.24,0,0
209,CASH_IN,300770.4,C1214503870,1017.0,301787.4,C1901490996,0.0,0.0,0,0
306,CASH_OUT,50929.58,C558113898,0.0,0.0,C1156411787,52714.0,103643.58,0,0
660,TRANSFER,6749.18,C1815959102,6749.18,0.0,C2020586953,0.0,0.0,1,0
256,CASH_IN,257968.77,C1061991709,45887.0,303855.77,C1252144070,2991844.13,2733875.36,0,0
67,TRANSFER,1028326.5,C582388359,1028326.5,0.0,C641615589,0.0,0.0,1,0
503,CASH_IN,172203.14,C448263880,999148.03,1171351.16,C1632757698,502467.64,330264.51,0,0
572,TRANSFER,82504.16,C149758209,82504.16,0.0,C519616178,0.0,0.0,1,0
186,PAYMENT,5780.79,C838529586,14770.38,8989.59,M510755971,0.0,0.0,0,0
183,CASH_OUT,23167.44,C1215287116,0.0,0.0,C1772907370,2970949.16,2994116.6,0,0
234,TRANSFER,141867.11,C815283232,10644.0,0.0,C1742072342,619751.83,761618.95,0,0
398,PAYMENT,19457.48,C487834366,31172.0,11714.52,M665849523,0.0,0.0,0,0
182,TRANSFER,605671.05,C763727993,0.0,0.0,C649265468,7008057.32,7613728.37,0,0
164,PAYMENT,25350.29,C1419351446,0.0,0.0,M3759105,0.0,0.0,0,0
350,CASH_OUT,369085.05,C1012206475,13573.0,0.0,C1929813289,24620.65,393705.7,0,0
17,CASH_IN,108259.13,C1936581201,3649057.58,3757316.71,C1501783499,171241.57,148111.37,0,0
16,PAYMENT,11842.0,C410128246,0.0,0.0,M104993629,0.0,0.0,0,0
331,CASH_OUT,348092.51,C374265121,701424.0,353331.49,C1010725790,467129.53,815222.04,0,0
140,PAYMENT,1567.38,C1630308716,0.0,0.0,M737190234,0.0,0.0,0,0
231,PAYMENT,20459.11,C1136863979,0.0,0.0,M1175562133,0.0,0.0,0,0
34,PAYMENT,21472.56,C1552955257,51429.0,29956.44,M1116934460,0.0,0.0,0,0
135,CASH_OUT,313310.04,C1486981711,0.0,0.0,C20251298,475514.04,788824.08,0,0
345,PAYMENT,24701.29,C1238576426,13915.0,0.0,M388674688,0.0,0.0,0,0
163,TRANSFER,49406.51,C1029596536,3026.0,0.0,C1965641107,537383.95,586790.46,0,0
637,TRANSFER,48605.54,C1685971043,48605.54,0.0,C1679848510,0.0,0.0,1,0
182,CASH_OUT,219573.91,C223637597,84868.0,0.0,C2118279390,156654.1,376228.0,0,0
369,TRANSFER,2882813.58,C1819272475,12572.0,0.0,C229891107,0.0,2882813.58,0,0
20,CASH_IN,73054.03,C595079464,20613.0,93667.03,C1548348754,109513.64,36459.62,0,0
41,CASH_OUT,174857.91,C1879676094,0.0,0.0,C539131436,451726.81,626584.72,0,0
230,CASH_OUT,135768.72,C1347458688,15003.63,0.0,C2047001664,3480849.39,3616618.12,0,0
34,PAYMENT,7444.14,C1574183055,2412.75,0.0,M1315668411,0.0,0.0,0,0
158,CASH_OUT,113704.86,C13270785,19960.0,0.0,C1255518284,727640.88,841345.74,0,0
379,PAYMENT,12434.36,C228109720,14595.0,2160.64,M2102471931,0.0,0.0,0,0
273,CASH_IN,48904.82,C1765381261,3171409.08,3220313.9,C1386377643,115377.67,66472.86,0,0
540,DEBIT,416.83,C457514942,5907.0,5490.17,C54422292,2047831.33,2048248.17,0,0
332,CASH_OUT,279826.46,C140824345,383986.0,104159.54,C347555937,98800.77,378627.23,0,0
40,PAYMENT,11879.66,C1299161756,33065.0,21185.34,M1184139421,0.0,0.0,0,0
202,CASH_IN,358460.01,C145835584,1892710.69,2251170.7,C816178418,422856.28,64396.27,0,0
15,CASH_OUT,210552.32,C1627980043,426.0,0.0,C272316719,208814.77,419367.09,0,0
321,CASH_IN,518834.46,C1753536218,899864.82,1418699.28,C236029669,1376699.25,857864.79,0,0
225,PAYMENT,68318.64,C1956046094,41070.0,0.0,M1732896849,0.0,0.0,0,0
560,CASH_OUT,143275.81,C1571623448,143275.81,0.0,C1655359478,6346481.09,6489756.9,1,0
249,CASH_OUT,131574.41,C1136267027,16623.0,0.0,C882986523,0.0,131574.41,0,0
369,TRANSFER,1482314.77,C448348331,15101.0,0.0,C1822847623,22077.26,1504392.03,0,0
656,CASH_OUT,84007.22,C2028520999,84007.22,0.0,C224273997,0.0,84007.22,1,0
396,CASH_IN,72799.43,C2073901664,24786.0,97585.43,C683317761,0.0,0.0,0,0
133,TRANSFER,1159010.44,C695823841,1159010.44,0.0,C679367763,0.0,0.0,1,0
233,CASH_OUT,251070.86,C446659102,77366.0,0.0,C1834488070,46783.48,297854.35,0,0
181,TRANSFER,12278.0,C1274609372,12278.0,0.0,C1409623409,0.0,0.0,1,0
698,CASH_OUT,2184556.65,C679742636,2184556.65,0.0,C1476073685,734500.25,2919056.89,1,0
212,CASH_OUT,84500.11,C1631582416,0.0,0.0,C1383396228,11389221.07,11473721.18,0,0
468,CASH_OUT,19952.89,C1054388169,19952.89,0.0,C1350880657,41255.75,61208.64,1,0
322,PAYMENT,6619.57,C760697228,0.0,0.0,M6712219,0.0,0.0,0,0
305,CASH_IN,9681.83,C1480767557,74684.0,84365.83,C1980502669,474417.94,464736.11,0,0
179,CASH_IN,351714.39,C334986145,5825519.82,6177234.22,C757254955,355724.44,4010.04,0,0
456,CASH_OUT,760984.58,C2076996831,760984.58,0.0,C1951439287,1550675.96,2311660.54,1,0
183,CASH_IN,351795.27,C1888715444,15400.0,367195.27,C1329992313,766600.93,414805.66,0,0
17,CASH_IN,537311.87,C840077135,61687.0,598998.87,C352892323,61214.0,0.0,0,0
559,CASH_OUT,127564.33,C471097879,127564.33,0.0,C312345,272123.54,399687.88,1,0
490,CASH_OUT,1927403.83,C630013429,1927403.83,0.0,C1658435128,0.0,1927403.83,1,0
270,TRANSFER,1998327.96,C1905022556,1998327.96,0.0,C279654004,0.0,0.0,1,0
374,TRANSFER,1147457.75,C331988298,27620.0,0.0,C1527213535,10082833.82,11230291.57,0,0
21,CASH_OUT,80884.97,C1907331017,992.0,0.0,C542766981,0.0,80884.97,0,0
21,CASH_OUT,351619.91,C600301440,0.0,0.0,C108154042,565960.42,818951.13,0,0
323,CASH_OUT,228268.52,C703885743,5744.0,0.0,C582084840,2450234.66,2678503.18,0,0
331,CASH_OUT,173606.96,C1846056713,396052.47,222445.52,C1074521985,554104.74,727711.7,0,0
331,CASH_OUT,152014.89,C2001508957,21653.0,0.0,C7564015,634573.0,786587.89,0,0
139,CASH_IN,4715.01,C970349804,8574426.51,8579141.52,C1813738281,2039235.43,2034520.42,0,0
177,PAYMENT,7147.65,C462101561,0.0,0.0,M1435870406,0.0,0.0,0,0
306,CASH_IN,208344.98,C966399484,504691.0,713035.98,C439615276,0.0,0.0,0,0
165,PAYMENT,2814.54,C1839834731,37809.0,34994.46,M441915547,0.0,0.0,0,0
370,CASH_IN,79513.07,C787031972,1111313.9,1190826.97,C1469367201,158781.39,79268.32,0,0
18,CASH_OUT,32620.76,C1420795820,0.0,0.0,C280061639,665965.03,386819.05,0,0
427,TRANSFER,1171751.17,C1499614661,1171751.17,0.0,C1862839091,0.0,0.0,1,0
206,PAYMENT,25570.93,C828114135,0.0,0.0,M1199148803,0.0,0.0,0,0
182,CASH_OUT,767755.17,C300744654,767755.17,0.0,C513722658,0.0,767755.17,1,0
164,CASH_OUT,230575.93,C2098557341,0.0,0.0,C606629233,233363.62,463939.56,0,0
719,CASH_OUT,6219566.63,C334882914,6219566.63,0.0,C878792867,0.0,6219566.63,1,0
402,TRANSFER,179497.32,C417891503,0.0,0.0,C1939416811,321456.58,500953.9,0,0
229,CASH_OUT,38279.26,C110857060,11468.0,0.0,C1838135167,145437.13,183716.38,0,0
301,PAYMENT,4730.83,C57130487,133448.45,128717.62,M550241528,0.0,0.0,0,0
13,PAYMENT,8642.34,C1394714496,392218.99,383576.64,M1247292136,0.0,0.0,0,0
403,CASH_IN,90099.41,C1226405491,13615.0,103714.41,C2117616046,1905039.9,2454934.42,0,0
210,CASH_OUT,159010.13,C1355930329,0.0,0.0,C1072636204,424465.39,583475.51,0,0
522,PAYMENT,5409.41,C356835448,213150.0,207740.59,M996401874,0.0,0.0,0,0
322,PAYMENT,10001.52,C1579243612,151318.68,141317.16,M2092961416,0.0,0.0,0,0
19,CASH_OUT,16779.24,C1398244233,594401.0,577621.76,C2052835130,124344.0,0.0,0,0
300,PAYMENT,4151.87,C1506750597,0.0,0.0,M103256758,0.0,0.0,0,0
353,CASH_OUT,316382.98,C1021154621,0.0,0.0,C1817279199,361443.04,677826.02,0,0
236,CASH_OUT,143514.22,C73570491,40705.0,0.0,C140881538,0.0,143514.22,0,0
329,TRANSFER,985309.87,C1471567288,0.0,0.0,C437789159,8624580.9,9609890.76,0,0
334,TRANSFER,371592.94,C84979030,0.0,0.0,C1813501651,3883011.16,4254604.1,0,0
447,CASH_OUT,834592.4,C851101642,834592.4,0.0,C1583598303,236428.35,1071020.75,1,0
227,TRANSFER,1162155.11,C1537630073,1162155.11,0.0,C153438259,0.0,0.0,1,0
308,PAYMENT,13857.98,C58941959,106788.0,92930.02,M1668467240,0.0,0.0,0,0
298,CASH_OUT,69475.77,C882026059,0.0,0.0,C1266049316,172583.28,242059.05,0,0
661,CASH_IN,159701.2,C140467562,4099225.79,4258926.99,C2028161445,530631.5,370930.29,0,0
140,CASH_IN,222796.18,C110496370,67103.0,289899.18,C832347732,0.0,0.0,0,0
546,TRANSFER,105097.16,C41608153,105097.16,0.0,C119014048,0.0,0.0,1,0
228,PAYMENT,24600.98,C2055608913,39924.0,15323.02,M1171419839,0.0,0.0,0,0
201,CASH_OUT,158179.22,C275735695,950.0,0.0,C1206984812,249359.72,407538.94,0,0
334,PAYMENT,721.25,C1780244875,0.0,0.0,M370594453,0.0,0.0,0,0
358,CASH_OUT,81152.38,C1408325568,41410.0,0.0,C2110424329,0.0,81152.38,0,0
154,CASH_OUT,635990.46,C1446640629,107820.0,0.0,C1108671624,2319131.27,2955121.73,0,0
204,PAYMENT,108.11,C1129535565,31179.0,31070.89,M1399935744,0.0,0.0,0,0
184,CASH_OUT,194313.21,C956001153,297.0,0.0,C595878254,0.0,194313.21,0,0
21,CASH_OUT,328219.53,C845476961,0.0,0.0,C1673501963,2974736.19,3302955.72,0,0
354,PAYMENT,13371.78,C234369954,0.0,0.0,M22096206,0.0,0.0,0,0
161,CASH_OUT,27140.9,C154624002,0.0,0.0,C1040341066,103644.66,130785.55,0,0
20,PAYMENT,6669.61,C1075434572,485216.43,478546.83,M104939638,0.0,0.0,0,0
223,TRANSFER,181588.3,C883385681,181588.3,0.0,C57838104,0.0,0.0,1,0
348,CASH_OUT,289913.13,C822223555,30256.0,0.0,C1819647699,15547.75,305460.87,0,0
11,PAYMENT,3889.88,C1989420308,52116.0,48226.12,M190908805,0.0,0.0,0,0
160,CASH_OUT,46078.7,C860310652,172.0,0.0,C2068184266,347940.43,394019.13,0,0
7,CASH_IN,51820.92,C66973571,6069394.35,6121215.27,C459857341,63753.27,542963.38,0,0
10,CASH_OUT,205591.85,C561654688,31820.0,0.0,C588580524,187807.09,2086245.8,0,0
371,PAYMENT,19141.65,C1847678768,0.0,0.0,M1267387507,0.0,0.0,0,0
44,CASH_OUT,218359.43,C1283327253,83078.0,0.0,C464821798,276695.9,495055.33,0,0
16,CASH_OUT,180281.96,C1068393409,351000.0,170718.04,C1026187377,685736.26,866018.23,0,0
23,CASH_IN,159880.78,C1163414138,203384.0,363264.78,C396769460,2143816.17,1983935.39,0,0
163,CASH_IN,79495.63,C2117851797,1244245.48,1323741.11,C2118436397,2156648.99,2077153.36,0,0
35,CASH_IN,87890.86,C1694450587,1532089.38,1619980.23,C1376778217,4951570.54,4738866.28,0,0
219,TRANSFER,248242.32,C1026095459,248242.32,0.0,C1060066770,0.0,0.0,1,0
35,PAYMENT,22705.54,C967643546,0.0,0.0,M466799523,0.0,0.0,0,0
155,PAYMENT,24297.26,C1616554135,49370.0,25072.74,M1366645872,0.0,0.0,0,0
380,CASH_IN,70161.19,C1016671192,9889435.58,9959596.78,C1785833072,1134319.23,1064158.04,0,0
595,PAYMENT,16783.42,C1651837582,59023.0,42239.58,M95887320,0.0,0.0,0,0
77,CASH_OUT,239473.85,C1878410871,239473.85,0.0,C891884680,729245.09,968718.94,1,0
671,TRANSFER,61505.06,C1590661770,61505.06,0.0,C1045739215,0.0,0.0,1,0
297,CASH_OUT,441363.64,C552433297,1463.0,0.0,C287415354,68793.88,510157.52,0,0
234,PAYMENT,2196.37,C984266633,0.0,0.0,M1165085258,0.0,0.0,0,0
261,TRANSFER,591032.52,C1420583441,591032.52,0.0,C1377219388,0.0,0.0,1,0
227,CASH_IN,59012.5,C1258060706,2779850.86,2838863.37,C1021154082,133610.6,74598.1,0,0
482,TRANSFER,1451083.08,C1888769481,1451083.08,0.0,C1653981424,0.0,0.0,1,0
328,CASH_OUT,103930.68,C1880726411,62323.0,0.0,C98074240,3139318.52,3243249.2,0,0
651,CASH_OUT,65494.78,C1340594574,65494.78,0.0,C1088639142,422252.51,487747.29,1,0
300,CASH_OUT,85714.61,C1626352421,0.0,0.0,C591833883,708521.22,794235.83,0,0
329,CASH_IN,124638.98,C251635068,9016.0,133654.98,C1994922549,27310.46,0.0,0,0
332,TRANSFER,282018.0,C1799860706,282018.0,0.0,C80713537,0.0,0.0,1,0
34,CASH_OUT,48096.94,C327917949,198046.0,149949.06,C875467761,0.0,48096.94,0,0
275,CASH_OUT,209086.32,C954338970,11698.0,0.0,C693603,87720.77,296807.09,0,0
187,PAYMENT,819.08,C761115,0.0,0.0,M1919159685,0.0,0.0,0,0
5,TRANSFER,120074.73,C1409933277,120074.73,0.0,C162114152,0.0,0.0,1,0
186,CASH_IN,26307.38,C450385248,4005.0,30312.38,C1895407780,177948.55,151641.17,0,0
70,CASH_OUT,1036789.41,C32861099,1036789.41,0.0,C1594778194,523315.63,1560105.04,1,0
689,CASH_OUT,953615.38,C1034067842,953615.38,0.0,C64488744,0.0,953615.38,1,0
14,PAYMENT,4876.04,C1194949084,0.0,0.0,M1793116092,0.0,0.0,0,0
187,CASH_OUT,234791.94,C24853657,850705.0,615913.06,C1967942466,329238.75,564030.69,0,0
281,PAYMENT,245.34,C298843765,100297.0,100051.66,M1770126256,0.0,0.0,0,0
307,TRANSFER,222735.34,C1044355469,222735.34,0.0,C1424892116,0.0,0.0,1,0
298,PAYMENT,40887.64,C688849493,51726.0,10838.36,M1897735296,0.0,0.0,0,0
714,CASH_OUT,10000000.0,C1440908860,10000000.0,0.0,C1590217660,377441.15,10377441.15,1,0
9,PAYMENT,2011.71,C132301937,11133.0,9121.29,M621223384,0.0,0.0,0,0
312,CASH_OUT,10000000.0,C1693784348,10000000.0,0.0,C890563348,0.0,10000000.0,1,0
666,CASH_OUT,504362.34,C1885602462,504362.34,0.0,C1876362324,0.0,504362.34,1,0
59,CASH_OUT,21174.45,C1739548854,21174.45,0.0,C240278716,31409.08,52583.53,1,0
353,TRANSFER,594186.76,C2027815445,0.0,0.0,C1888641457,1412275.34,2006462.1,0,0
514,CASH_IN,22184.73,C17896358,2451700.69,2473885.43,C1990291115,15338669.12,15316484.39,0,0
34,CASH_OUT,40458.0,C1657291163,40458.0,0.0,C684399107,561393.36,331179.02,1,0
163,CASH_IN,130378.42,C2001770786,4385450.69,4515829.1,C2071233132,1490098.96,1359720.54,0,0
302,CASH_OUT,448033.57,C1694883569,31543.0,0.0,C1640124071,708335.25,1156368.83,0,0
37,CASH_IN,60884.86,C149571080,11436946.62,11497831.48,C1695786795,81015.0,0.0,0,0
345,CASH_OUT,170980.65,C1290415269,81031.49,0.0,C2088368748,1448717.08,1619697.73,0,0
325,CASH_OUT,48381.79,C1800982257,60062.76,11680.97,C1154046623,316710.38,365092.17,0,0
36,PAYMENT,21675.75,C1263014248,383613.21,361937.46,M1349664653,0.0,0.0,0,0
204,CASH_OUT,109522.29,C425103275,0.0,0.0,C6047601,2293010.05,2402532.33,0,0
238,PAYMENT,11118.89,C782149117,3647.0,0.0,M1940438213,0.0,0.0,0,0
136,CASH_IN,123741.35,C108287323,31566.0,155307.35,C815951773,153553.07,29811.73,0,0
403,CASH_OUT,137170.02,C2020141081,245210.0,108039.98,C627698095,16009.81,153179.82,0,0
9,CASH_OUT,313252.93,C520818493,9371.0,0.0,C1843103642,51080.0,364332.93,0,0
483,CASH_OUT,22990.73,C919319560,22990.73,0.0,C856187523,3279840.64,3302831.37,1,0
161,PAYMENT,35874.07,C486293574,0.0,0.0,M1211241231,0.0,0.0,0,0
398,PAYMENT,3668.13,C930727205,30632.0,26963.87,M44883482,0.0,0.0,0,0
355,TRANSFER,120634.53,C387066986,39775.0,0.0,C187191387,637159.79,757794.32,0,0
546,CASH_IN,85471.14,C1823562390,666884.48,752355.62,C2128251704,85555.52,84.38,0,0
271,CASH_OUT,1621056.88,C168076174,1621056.88,0.0,C735369165,511091.84,2132148.72,1,0
278,CASH_IN,116742.0,C1704384790,4997974.18,5114716.18,C1031265364,118264.64,1522.64,0,0
301,PAYMENT,8945.35,C891205289,0.0,0.0,M990237068,0.0,0.0,0,0
429,CASH_IN,45501.93,C1902077887,1564003.67,1609505.6,C1125731198,153422.45,107920.52,0,0
12,PAYMENT,7705.64,C1312346880,101876.0,94170.36,M1057051816,0.0,0.0,0,0
14,CASH_IN,263311.66,C169340661,149246.0,412557.66,C1950180292,0.0,0.0,0,0
154,CASH_OUT,85508.03,C1658077784,70676.38,0.0,C833516566,1443985.64,1529493.66,0,0
644,CASH_OUT,46902.15,C951944309,0.0,0.0,C1692234742,3078451.41,3125353.57,0,0
695,CASH_IN,26788.42,C453364428,776561.1,803349.52,C13349458,1142182.82,1115394.4,0,0
16,CASH_IN,73228.07,C1000705699,976845.04,1050073.1,C806252226,881799.89,1144584.3,0,0
138,CASH_OUT,113403.33,C878440119,0.0,0.0,C2087485452,121158.1,234561.43,0,0
278,CASH_OUT,284535.76,C428247434,60181.0,0.0,C201482178,5820553.57,6105089.33,0,0
571,CASH_OUT,72302.73,C731962618,0.0,0.0,C558740736,208024.12,280326.85,0,0
137,CASH_OUT,234954.49,C509408683,19886.0,0.0,C548725854,815096.34,1050050.83,0,0
10,CASH_IN,196232.58,C58199418,9002981.47,9199214.05,C1137520422,846968.58,1157803.02,0,0
585,TRANSFER,289392.43,C1257190610,300176.0,10783.57,C2122382798,8547768.55,8837160.98,0,0
20,PAYMENT,19456.71,C27010578,345988.06,326531.34,M509614308,0.0,0.0,0,0
158,CASH_OUT,21210.99,C745263380,0.0,0.0,C816461271,1687545.26,1708756.25,0,0
189,PAYMENT,12925.82,C1303355828,11061.0,0.0,M193895254,0.0,0.0,0,0
285,PAYMENT,1772.05,C1750595513,0.0,0.0,M2083555922,0.0,0.0,0,0
177,PAYMENT,9879.81,C656698340,0.0,0.0,M1518753301,0.0,0.0,0,0
250,CASH_OUT,245727.34,C1931793237,0.0,0.0,C1550896506,1917222.93,2162950.27,0,0
377,PAYMENT,2047.13,C304988510,0.0,0.0,M2114874663,0.0,0.0,0,0
35,PAYMENT,9489.03,C1474921523,308427.0,298937.97,M2002355280,0.0,0.0,0,0
261,TRANSFER,382282.19,C1580223105,50218.0,0.0,C636331282,0.0,382282.19,0,0
16,CASH_OUT,10453.35,C52582942,0.0,0.0,C2094723295,924093.96,934547.31,0,0
36,CASH_OUT,113338.99,C371645181,113338.99,0.0,C895376277,3290608.15,3403947.14,1,0
136,TRANSFER,95267.81,C909629490,95267.81,0.0,C967833136,0.0,0.0,1,0
254,PAYMENT,1480.85,C1543699494,0.0,0.0,M2086857861,0.0,0.0,0,0
255,PAYMENT,4738.3,C822393577,428363.0,423624.7,M1960606256,0.0,0.0,0,0
192,PAYMENT,7079.28,C193842484,0.0,0.0,M2113830561,0.0,0.0,0,0
347,PAYMENT,3890.26,C1297101976,0.0,0.0,M1366301307,0.0,0.0,0,0
254,PAYMENT,6354.24,C823441896,46728.0,40373.76,M599191419,0.0,0.0,0,0
8,CASH_IN,11738.03,C1703025214,1833.0,13571.03,C1062650008,19877.0,3401863.13,0,0
367,CASH_OUT,362672.57,C1069202179,362672.57,0.0,C1808434552,3.51,362676.08,1,0
156,PAYMENT,12409.81,C1322293987,227501.35,215091.54,M53825419,0.0,0.0,0,0
350,CASH_OUT,59460.02,C1877791058,0.0,0.0,C946253710,5854485.45,5913945.47,0,0
213,PAYMENT,5840.4,C604535682,21476.0,15635.6,M1712228939,0.0,0.0,0,0
334,PAYMENT,5918.29,C1955723473,80323.0,74404.71,M1291984978,0.0,0.0,0,0
377,CASH_OUT,225038.97,C425622703,0.0,0.0,C275128071,2387737.74,2612776.7,0,0
164,PAYMENT,4426.44,C1502948917,0.0,0.0,M979001114,0.0,0.0,0,0
180,CASH_OUT,81902.41,C2107007353,11594.0,0.0,C763877378,3181026.1,3398341.31,0,0
119,PAYMENT,2803.73,C72728123,740017.0,737213.27,M387992467,0.0,0.0,0,0
160,PAYMENT,14851.21,C1445186841,0.0,0.0,M1668113708,0.0,0.0,0,0
397,CASH_IN,185378.17,C967026884,9908881.3,10094259.47,C1234302497,266085.16,80706.99,0,0
304,CASH_OUT,10351.87,C1231316185,0.0,0.0,C885487389,376309.56,386661.43,0,0
331,PAYMENT,25843.3,C224765669,221589.36,195746.06,M1759398423,0.0,0.0,0,0
21,CASH_OUT,136545.04,C201001433,203278.0,66732.96,C2021609273,64308.8,81318.01,0,0
470,CASH_OUT,864994.24,C676427076,864994.24,0.0,C1523524779,266074.0,1028020.38,1,0
299,CASH_IN,229135.97,C2106472033,20840666.83,21069802.8,C1363949390,2048136.9,1819000.93,0,0
355,CASH_IN,188943.46,C821434966,2873446.1,3062389.56,C1781749744,296537.48,37535.36,0,0
204,CASH_IN,49770.56,C1659186223,102627.0,152397.56,C1167320521,166567.18,116796.62,0,0
483,TRANSFER,22990.73,C1418432811,22990.73,0.0,C1543578666,0.0,0.0,1,0
692,PAYMENT,198.72,C617437072,104598.0,104399.28,M70754035,0.0,0.0,0,0
13,PAYMENT,9590.46,C1919773743,0.0,0.0,M774989048,0.0,0.0,0,0
2,PAYMENT,3847.78,C1492358500,28475.23,24627.45,M2073333566,0.0,0.0,0,0
338,TRANSFER,119443.3,C1091303521,119443.3,0.0,C900573262,0.0,0.0,1,0
18,CASH_OUT,141597.93,C1688288615,16904.0,0.0,C745678392,0.0,207617.11,0,0
347,CASH_IN,288309.78,C1275045093,11499.0,299808.78,C1433966294,2493622.86,2205313.07,0,0
237,CASH_IN,223166.86,C1207031907,354565.26,577732.12,C1257257185,1771400.28,1548233.43,0,0
323,CASH_OUT,194993.82,C986390428,0.0,0.0,C1337842787,666545.56,861539.38,0,0
306,TRANSFER,1251287.3,C1338223255,0.0,0.0,C435489079,1311099.25,2562386.55,0,0
398,CASH_OUT,316511.09,C1574924045,5076.0,0.0,C502155461,3807798.05,4124309.14,0,0
375,CASH_IN,238776.33,C1137575490,11972117.38,12210893.72,C565491377,864496.52,744227.3,0,0
204,CASH_OUT,18048.5,C146888800,0.0,0.0,C126186286,1084807.67,1102856.16,0,0
43,CASH_IN,276030.23,C1761923186,1699116.93,1975147.17,C279263186,541529.6,265499.36,0,0
380,CASH_OUT,158381.26,C113079947,0.0,0.0,C1486758639,1415703.52,1574084.79,0,0
252,CASH_IN,70153.7,C1112103135,16976867.22,17047020.93,C1599136727,2010741.47,1940587.77,0,0
544,PAYMENT,2309.89,C1991721140,0.0,0.0,M687517583,0.0,0.0,0,0
210,CASH_OUT,114697.28,C918952450,0.0,0.0,C476951912,843700.02,958397.31,0,0
330,TRANSFER,196530.23,C798387401,31730.74,0.0,C611485933,226226.1,422756.33,0,0
370,PAYMENT,5755.18,C1249934980,0.0,0.0,M1176071170,0.0,0.0,0,0
38,CASH_OUT,51093.69,C743470251,0.0,0.0,C1119052212,173399.15,224492.84,0,0
276,PAYMENT,5105.87,C1435714858,18351.58,13245.71,M221612478,0.0,0.0,0,0
332,PAYMENT,10201.26,C1808256373,7.58,0.0,M30128691,0.0,0.0,0,0
255,CASH_IN,184324.95,C267079348,5357272.85,5541597.8,C2116826462,3562568.79,3378243.85,0,0
352,CASH_OUT,30806.55,C2049814669,11250.0,0.0,C1175254566,0.0,30806.55,0,0
232,CASH_OUT,266295.38,C1643970640,25555.0,0.0,C313407681,7372379.16,7638674.54,0,0
402,CASH_IN,44942.86,C1562681693,4719285.81,4764228.67,C511558381,970544.32,925601.45,0,0
274,CASH_IN,211052.23,C1240921487,1226294.77,1437347.01,C747098453,872773.77,661721.54,0,0
8,PAYMENT,14303.03,C343445228,0.0,0.0,M964217830,0.0,0.0,0,0
16,CASH_IN,110318.79,C1375141868,4691026.2,4801344.99,C637637212,204545.84,221516.29,0,0
228,CASH_OUT,14398.17,C2129319053,1753.67,0.0,C1347120740,179270.8,193668.97,0,0
204,CASH_OUT,89509.48,C1688676837,0.0,0.0,C238146727,227368.5,316877.98,0,0
203,CASH_IN,65076.35,C1077497403,20002.0,85078.35,C374334240,0.0,0.0,0,0
330,CASH_IN,289819.16,C205958778,6912680.86,7202500.02,C1793658523,505261.98,193847.57,0,0
43,CASH_OUT,100753.98,C1904536748,79506.0,0.0,C361374902,0.0,100753.98,0,0
95,CASH_OUT,221387.08,C1019822333,0.0,0.0,C1791458728,967821.28,1189208.36,0,0
322,PAYMENT,5622.52,C67030270,90666.99,85044.47,M322460198,0.0,0.0,0,0
524,CASH_OUT,24169.06,C1465040617,11170.0,0.0,C2036925844,56981.84,81150.9,0,0
297,CASH_OUT,387328.57,C1007736369,0.0,0.0,C1414601420,1354201.16,1741529.74,0,0
163,CASH_OUT,130553.11,C875897198,25459.0,0.0,C1925171116,303171.78,433724.88,0,0
236,CASH_IN,86224.75,C312383021,3459549.56,3545774.31,C1868292922,4827230.94,4741006.19,0,0
300,CASH_OUT,774761.84,C988104305,774761.84,0.0,C1495991301,153301.73,928063.57,1,0
161,TRANSFER,863009.72,C1207127519,14943.0,0.0,C1573125233,0.0,863009.72,0,0
277,CASH_OUT,147679.63,C667459479,0.0,0.0,C1996430346,665071.26,812750.89,0,0
298,CASH_OUT,313460.77,C1372966794,0.0,0.0,C572868211,1824267.35,2137728.11,0,0
349,PAYMENT,1447.1,C237140595,0.0,0.0,M1720737038,0.0,0.0,0,0
20,CASH_IN,222129.24,C1126054469,30358.0,252487.24,C570403090,23598.89,0.0,0,0
44,PAYMENT,3707.64,C942617577,3034.0,0.0,M1526604504,0.0,0.0,0,0
13,TRANSFER,139663.86,C1558721749,43576.0,0.0,C432312419,314109.13,453772.99,0,0
403,CASH_IN,279386.45,C1781451039,6523655.07,6803041.52,C714821642,1219210.92,939824.47,0,0
276,CASH_OUT,233780.22,C1059563466,0.0,0.0,C2131715443,339727.27,573507.48,0,0
350,CASH_OUT,84286.03,C1919195480,30257.0,0.0,C1123749938,1606025.41,1690311.45,0,0
161,CASH_OUT,3860.58,C1323821888,0.0,0.0,C881098488,19205.04,23065.63,0,0
330,PAYMENT,719.41,C2037376929,15019.0,14299.59,M1139186986,0.0,0.0,0,0
229,CASH_OUT,126055.96,C1653767417,0.0,0.0,C659584706,498684.08,624740.04,0,0
354,CASH_OUT,375419.35,C273275190,375419.35,0.0,C997789760,269939.49,645358.83,1,0
601,PAYMENT,1385.38,C985273139,206668.0,205282.62,M988772585,0.0,0.0,0,0
228,CASH_IN,7217.79,C243758202,4159764.1,4166981.89,C588550772,1277059.63,1269841.84,0,0
229,CASH_OUT,237255.89,C698879229,20773.0,0.0,C235216686,519141.7,756397.59,0,0
46,CASH_OUT,342020.52,C1678340437,31706.0,0.0,C437237382,589560.82,931581.35,0,0
237,CASH_OUT,3924102.18,C390716812,3924102.18,0.0,C1387545582,0.0,3924102.18,1,0
178,CASH_IN,163379.96,C554254903,6953025.46,7116405.42,C932058860,4980924.22,4817544.27,0,0
259,CASH_OUT,90110.75,C1956919820,0.0,0.0,C654376586,953371.53,1043482.28,0,0
185,CASH_OUT,185836.83,C1765346271,0.0,0.0,C111748843,210962.53,396799.35,0,0
258,CASH_OUT,9110.95,C816980393,15452.0,6341.05,C1066718190,484120.56,493231.51,0,0
297,PAYMENT,8968.43,C987255314,97251.69,88283.26,M709927456,0.0,0.0,0,0
41,CASH_IN,278472.76,C1731868176,40062.0,318534.76,C1409221160,75376.71,0.0,0,0
399,CASH_OUT,196909.91,C1504666956,661518.87,464608.96,C1466554051,1244891.17,1441801.08,0,0
15,PAYMENT,6051.4,C1041073573,47861.43,41810.03,M198450855,0.0,0.0,0,0
139,CASH_OUT,224425.96,C1716480121,0.0,0.0,C797657283,3740119.83,3964545.79,0,0
259,CASH_OUT,200568.4,C1276798516,0.0,0.0,C223225170,1468160.12,1668728.53,0,0
253,CASH_OUT,141114.63,C239753674,0.0,0.0,C1823014131,4783144.9,4924259.52,0,0
279,TRANSFER,10000000.0,C2062481561,30536624.41,20536624.41,C935919630,0.0,0.0,1,0
154,TRANSFER,34396.72,C56947925,0.0,0.0,C1088650686,3434992.0,3469388.72,0,0
153,CASH_IN,494853.54,C2014603671,232.0,495085.54,C664841289,5630.01,0.0,0,0
309,PAYMENT,47392.34,C439543454,32279.0,0.0,M499041876,0.0,0.0,0,0
231,CASH_OUT,105008.74,C1544181310,0.0,0.0,C496361881,461850.02,566858.76,0,0
370,CASH_OUT,81872.67,C129317606,0.0,0.0,C1631027695,13623232.13,13705104.8,0,0
44,TRANSFER,294117.33,C1716646361,11037.42,0.0,C1833303640,527710.67,821828.0,0,0
153,CASH_IN,148497.27,C546029554,31399.0,179896.27,C285739175,1400330.04,1251832.77,0,0
181,CASH_IN,118520.7,C96776081,10909.0,129429.7,C1557181452,4178.63,0.0,0,0
237,CASH_IN,154420.86,C31455680,31437.0,185857.86,C1534244907,0.0,0.0,0,0
212,PAYMENT,5748.64,C922430145,27901.0,22152.36,M199574645,0.0,0.0,0,0
156,PAYMENT,2394.85,C1415771177,0.0,0.0,M1164278376,0.0,0.0,0,0
2,CASH_OUT,963532.14,C430329518,963532.14,0.0,C991505714,132382.57,1095914.71,1,0
462,CASH_OUT,1433038.32,C994987867,1433038.32,0.0,C725098002,116466.92,1549505.24,1,0
668,TRANSFER,7539165.76,C64015154,7539165.76,0.0,C1744865437,0.0,0.0,1,0
151,CASH_OUT,113614.57,C605744517,113614.57,0.0,C839259296,786701.6,900316.17,1,0
212,PAYMENT,791.7,C1777758711,34124.51,33332.81,M2093843251,0.0,0.0,0,0
258,PAYMENT,9596.58,C2027746788,100566.0,90969.42,M388181813,0.0,0.0,0,0
370,CASH_OUT,51850.18,C22934265,0.0,0.0,C1656730292,432098.02,483948.2,0,0
287,CASH_IN,99697.61,C717330805,82422.0,182119.61,C39059095,2295021.72,2195324.1,0,0
401,PAYMENT,55978.63,C910960164,145480.0,89501.37,M787864918,0.0,0.0,0,0
226,CASH_OUT,343158.93,C139638945,731675.0,388516.07,C1979749212,0.0,343158.93,0,0
133,PAYMENT,10859.94,C321759939,56631.0,45771.06,M1031842092,0.0,0.0,0,0
161,PAYMENT,12453.36,C1312089325,0.0,0.0,M1946351450,0.0,0.0,0,0
307,PAYMENT,11231.18,C546956140,0.0,0.0,M1811854284,0.0,0.0,0,0
202,CASH_IN,165084.92,C778173138,66900.0,231984.92,C778378561,0.0,0.0,0,0
162,CASH_IN,237441.06,C215769949,2302195.67,2539636.74,C1436916426,427988.74,190547.68,0,0
280,CASH_OUT,39790.15,C1132926857,39259.0,0.0,C388880267,6711.92,174070.66,0,0
369,CASH_OUT,53397.34,C1709133823,51336.0,0.0,C1449947373,0.0,53397.34,0,0
23,PAYMENT,14534.75,C105031217,127404.16,112869.4,M522222318,0.0,0.0,0,0
439,PAYMENT,4083.89,C1602639002,31320.0,27236.11,M1698401322,0.0,0.0,0,0
234,PAYMENT,23995.39,C2005619912,0.0,0.0,M1485961853,0.0,0.0,0,0
138,CASH_OUT,333199.51,C174297176,0.0,0.0,C403455066,656118.03,989317.54,0,0
203,CASH_OUT,99069.69,C1248574897,0.0,0.0,C113477335,756160.91,855230.6,0,0
229,TRANSFER,378786.27,C1311791280,139504.0,0.0,C1514040071,103388.72,482174.98,0,0
139,TRANSFER,11653.98,C1377280897,11653.98,0.0,C1616326954,0.0,0.0,1,0
186,CASH_OUT,175043.4,C2044551322,27656.0,0.0,C895767635,2336196.03,2511239.43,0,0
350,CASH_OUT,306462.47,C1890966685,14546.0,0.0,C1543123935,1034088.16,1340550.63,0,0
369,TRANSFER,2221045.9,C771758963,0.0,0.0,C1441492134,3293817.75,5514863.65,0,0
282,CASH_IN,20948.69,C1976239700,1434199.91,1455148.6,C1729015764,23694.06,2745.37,0,0
130,CASH_OUT,276278.08,C1279258862,0.0,0.0,C1936280975,1251510.49,1527788.57,0,0
283,PAYMENT,2698.76,C1906979412,12269.0,9570.24,M1033390668,0.0,0.0,0,0
190,PAYMENT,3602.17,C223971277,10021.0,6418.83,M408275599,0.0,0.0,0,0
323,CASH_IN,258341.62,C430818799,3206721.39,3465063.02,C1590226052,1017728.93,759387.3,0,0
19,PAYMENT,5585.47,C416455324,0.0,0.0,M779254672,0.0,0.0,0,0
287,TRANSFER,716178.43,C1688847453,0.0,0.0,C1742978011,730630.19,1446808.62,0,0
714,TRANSFER,8838.19,C356480504,8838.19,0.0,C1101816273,0.0,0.0,1,0
137,CASH_IN,121876.73,C1291772862,1212070.28,1333947.01,C1511259448,1114579.51,992702.79,0,0
394,CASH_IN,40223.91,C423106969,11417.0,51640.91,C1284707266,94552.03,54328.11,0,0
17,CASH_OUT,91825.53,C470069334,13541.0,0.0,C1030598201,0.0,91825.53,0,0
208,CASH_IN,191040.86,C1634781787,2754344.45,2945385.31,C1380466345,387236.4,196195.54,0,0
19,PAYMENT,2568.77,C1220229294,137064.17,134495.4,M713176224,0.0,0.0,0,0
736,CASH_OUT,1314660.84,C1660278884,1314660.84,0.0,C464467238,0.0,1314660.84,1,0
352,TRANSFER,7454553.06,C1023551084,7454553.06,0.0,C257701345,0.0,0.0,1,0
301,CASH_OUT,277955.09,C1624392066,0.0,0.0,C2056562577,331191.66,609146.75,0,0
71,TRANSFER,1871553.73,C677678546,1871553.73,0.0,C646623849,0.0,0.0,1,0
314,TRANSFER,2984434.36,C568807005,2984434.36,0.0,C417695471,0.0,0.0,1,0
613,CASH_OUT,170486.7,C1182303507,170486.7,0.0,C375702646,337632.83,508119.54,1,0
142,CASH_OUT,78810.3,C688380113,78810.3,0.0,C1780087922,802788.52,881598.82,1,0
686,PAYMENT,25009.24,C228784289,8158.0,0.0,M850573852,0.0,0.0,0,0
19,CASH_IN,250098.66,C1796076284,21035.0,271133.66,C1428538068,1537.0,0.0,0,0
38,PAYMENT,32327.55,C2002863022,0.0,0.0,M989333758,0.0,0.0,0,0
139,CASH_OUT,54457.91,C1605037458,0.0,0.0,C1709622728,126392.74,180850.65,0,0
324,CASH_OUT,256527.68,C373555805,0.0,0.0,C396011541,658713.9,915241.58,0,0
237,PAYMENT,8027.33,C1922622486,82690.0,74662.67,M497979705,0.0,0.0,0,0
9,CASH_OUT,47700.22,C369185341,0.0,0.0,C2013691076,1382807.73,3165481.91,0,0
37,CASH_OUT,261643.11,C1357148119,613.0,0.0,C259573800,2049319.4,2141222.39,0,0
325,PAYMENT,15971.45,C884522483,0.0,0.0,M1565534325,0.0,0.0,0,0
160,CASH_OUT,256705.68,C310145134,256705.68,0.0,C1443276157,0.0,256705.68,1,0
350,CASH_OUT,188245.23,C1197050391,0.0,0.0,C792046732,210830.15,399075.38,0,0
214,TRANSFER,39525.63,C511187866,39525.63,0.0,C1282311771,0.0,0.0,1,0
565,TRANSFER,757401.17,C1666463785,757401.17,0.0,C1703328404,0.0,0.0,1,0
378,CASH_OUT,23833.41,C733817673,55992.0,32158.59,C274356258,53456.95,77290.36,0,0
166,PAYMENT,20168.9,C1004346095,9168.0,0.0,M1918094204,0.0,0.0,0,0
161,PAYMENT,10315.6,C1960436769,180878.0,170562.4,M243743996,0.0,0.0,0,0
661,CASH_OUT,626195.24,C739010400,626195.24,0.0,C41563134,342735.9,968931.14,1,0
249,CASH_OUT,56013.0,C1171108615,56013.0,0.0,C1039948957,407565.28,463578.28,1,0
331,TRANSFER,217214.5,C540293386,0.0,0.0,C868481430,768092.11,985306.6,0,0
404,CASH_OUT,52538.32,C2136440917,0.0,0.0,C1054553940,330766.66,383304.98,0,0
321,TRANSFER,1611401.95,C637437914,0.0,0.0,C1215206514,4840718.56,6452120.51,0,0
190,PAYMENT,7182.29,C2071225871,0.0,0.0,M448284091,0.0,0.0,0,0
11,CASH_IN,131716.66,C997776535,1129728.72,1261445.38,C1543851010,3549103.4,3452077.21,0,0
474,TRANSFER,3525615.54,C1771610302,0.0,0.0,C1373883123,18072531.57,21598147.1,0,0
191,CASH_OUT,118145.93,C1484956313,0.0,0.0,C310379078,249140.81,367286.74,0,0
402,CASH_OUT,37146.21,C1671515313,9536.0,0.0,C1610740232,0.0,37146.21,0,0
255,CASH_IN,161106.77,C1301886613,384120.0,545226.77,C1533568843,345995.52,184888.75,0,0
182,TRANSFER,980340.09,C1760109106,41378.0,0.0,C1659057771,785352.93,1765693.01,0,0
201,PAYMENT,10160.38,C216098091,21336.0,11175.62,M2103318689,0.0,0.0,0,0
211,TRANSFER,621012.21,C334124776,64500.35,0.0,C1780446303,766022.45,1387034.67,0,0
226,CASH_OUT,301158.63,C1742354687,0.0,0.0,C765870734,968357.72,1269516.35,0,0
691,CASH_IN,13312.92,C1580401462,193.0,13505.92,C274709798,68411.22,55098.3,0,0
271,TRANSFER,5926745.36,C393546828,5926745.36,0.0,C516790131,0.0,0.0,1,0
228,TRANSFER,380749.34,C400147760,0.0,0.0,C4612707,401029.27,781778.61,0,0
237,CASH_IN,141375.64,C1855665003,1.0,141376.64,C1652180924,38707.66,0.0,0,0
232,TRANSFER,1535268.4,C2039812927,0.0,0.0,C589120906,2251088.08,3786356.48,0,0
66,TRANSFER,126715.84,C147756271,126715.84,0.0,C650234869,0.0,0.0,1,0
403,CASH_OUT,97716.55,C1310164391,0.0,0.0,C979814544,415819.4,513535.95,0,0
330,CASH_OUT,61756.82,C213016310,61756.82,0.0,C1383721742,191770.49,253527.31,1,0
349,PAYMENT,46090.33,C56733262,19022.0,0.0,M524901719,0.0,0.0,0,0
571,CASH_OUT,272637.22,C1856352651,272637.22,0.0,C1424624531,1236830.95,1509468.17,1,0
321,CASH_IN,285766.28,C164997013,1026388.22,1312154.5,C1559145228,9928520.63,9642754.35,0,0
182,PAYMENT,6362.95,C1510070218,0.0,0.0,M586866848,0.0,0.0,0,0
16,PAYMENT,2800.49,C1525706631,0.0,0.0,M1225191245,0.0,0.0,0,0
252,CASH_OUT,61443.44,C1951266599,156439.0,94995.56,C904991847,0.0,61443.44,0,0
133,CASH_OUT,677945.4,C1271377941,24584.0,0.0,C1696148792,383464.53,1061409.92,0,0
302,PAYMENT,5736.79,C577219142,10910.0,5173.21,M358524703,0.0,0.0,0,0
279,CASH_OUT,10000000.0,C951363139,10000000.0,0.0,C241707602,0.0,10000000.0,1,0
298,CASH_OUT,201018.16,C548470921,50435.0,0.0,C96187522,0.0,201018.16,0,0
16,CASH_IN,159692.41,C508046306,5137976.65,5297669.07,C12526794,1274602.69,1407832.18,0,0
395,CASH_OUT,100085.21,C1788127211,0.0,0.0,C1926538762,470913.96,570999.17,0,0
353,TRANSFER,162912.67,C898503338,0.0,0.0,C1533936166,2035139.32,2198051.99,0,0
15,PAYMENT,101.87,C1159171704,272742.81,272640.94,M193097378,0.0,0.0,0,0
393,PAYMENT,16458.45,C301532846,1050.0,0.0,M1674574902,0.0,0.0,0,0
162,PAYMENT,3210.02,C1187546019,179.0,0.0,M1816619720,0.0,0.0,0,0
20,CASH_IN,145526.76,C445869347,1075246.18,1220772.94,C189798716,388321.42,242794.65,0,0
594,CASH_IN,470804.56,C481652677,15613.0,486417.56,C497455574,52049.6,0.0,0,0
132,CASH_OUT,151960.95,C551952252,0.0,0.0,C1827691005,639261.2,889249.52,0,0
688,CASH_IN,153972.14,C810289066,100947.0,254919.14,C2016947077,1401942.32,1247970.18,0,0
487,CASH_OUT,609400.88,C1997658145,609400.88,0.0,C688618982,1620065.35,2229466.23,1,0
15,TRANSFER,677398.12,C1618117611,0.0,0.0,C1404867668,882588.97,1244930.06,0,0
310,CASH_OUT,43566.29,C760964384,504294.0,460727.71,C1210930872,0.0,43566.29,0,0
12,CASH_OUT,48153.53,C1358841012,344399.0,296245.47,C228924875,95393.0,143546.53,0,0
9,PAYMENT,13470.12,C101511493,0.0,0.0,M1207243627,0.0,0.0,0,0
303,CASH_IN,45284.32,C335861515,1588327.19,1633611.5,C693521278,588483.8,543199.49,0,0
540,CASH_OUT,317998.16,C577153805,15566.43,0.0,C1933203184,735841.62,1053839.78,0,0
254,CASH_IN,203971.78,C1458055448,2993368.51,3197340.29,C63559693,3257308.04,3053336.26,0,0
355,PAYMENT,6329.98,C958490707,0.0,0.0,M894776001,0.0,0.0,0,0
79,TRANSFER,61178.51,C1635325265,61178.51,0.0,C1782100943,0.0,0.0,1,0
39,PAYMENT,439.44,C1537671964,26050.0,25610.56,M162267277,0.0,0.0,0,0
16,TRANSFER,287748.77,C1743839257,15078.0,0.0,C169601327,0.0,287748.77,0,0
257,CASH_OUT,182882.15,C495962665,0.0,0.0,C1761187038,4434212.41,4617094.56,0,0
232,PAYMENT,16375.8,C1586761097,0.0,0.0,M1003279424,0.0,0.0,0,0
228,PAYMENT,16116.66,C296218923,0.0,0.0,M559758908,0.0,0.0,0,0
275,PAYMENT,11386.1,C121162374,17031.0,5644.9,M1925350621,0.0,0.0,0,0
162,CASH_OUT,73468.85,C1774193940,101779.0,28310.15,C616299968,10132511.57,10205980.42,0,0
376,CASH_IN,177998.94,C229101971,4101050.16,4279049.1,C391824095,336094.66,158095.72,0,0
231,TRANSFER,273821.76,C121294173,273821.76,0.0,C815544341,0.0,0.0,1,0
306,CASH_OUT,155765.05,C476911381,48070.0,0.0,C1787851946,2674035.33,2829800.38,0,0
157,TRANSFER,80884.89,C1460080994,0.0,0.0,C2028302140,107835.0,365684.9,0,0
249,PAYMENT,1660.29,C2078923411,34.0,0.0,M1832441,0.0,0.0,0,0
359,CASH_OUT,310775.37,C2113404488,0.0,0.0,C954735938,23687425.94,23998201.31,0,0
162,CASH_IN,17716.77,C2088999405,419930.27,437647.04,C863357957,4281876.93,4212838.67,0,0
346,PAYMENT,12032.48,C2067067291,202187.81,190155.33,M2121015104,0.0,0.0,0,0
21,CASH_OUT,46919.62,C1547763089,0.0,0.0,C2042515866,3622748.65,3878297.7,0,0
209,CASH_OUT,2212.29,C1252297987,0.0,0.0,C604555852,14164565.6,14166777.89,0,0
447,CASH_OUT,219178.49,C1200170938,219178.49,0.0,C1762108679,0.0,219178.49,1,0
16,CASH_OUT,135955.61,C343957420,9009.0,0.0,C449877516,277462.0,413417.61,0,0
162,PAYMENT,3460.41,C1946997860,0.0,0.0,M114565552,0.0,0.0,0,0
428,PAYMENT,3117.21,C1148271492,51653.0,48535.79,M2011565132,0.0,0.0,0,0
348,CASH_OUT,194055.61,C2131650391,0.0,0.0,C1214977661,4210107.75,4404163.36,0,0
683,CASH_OUT,93298.16,C53303632,0.0,0.0,C2122763741,933563.3,1026861.46,0,0
372,PAYMENT,6223.85,C496307974,0.0,0.0,M1076006291,0.0,0.0,0,0
680,TRANSFER,10000000.0,C23027348,12651994.1,2651994.1,C1188014046,0.0,0.0,1,0
165,CASH_OUT,179837.36,C215270838,0.0,0.0,C178823011,375070.77,554908.13,0,0
86,CASH_OUT,372344.58,C2134607507,372344.58,0.0,C950019767,0.0,372344.58,1,0
284,CASH_IN,301420.24,C1529806712,13121842.21,13423262.45,C703610675,933528.13,632107.88,0,0
353,CASH_IN,203862.24,C2025846720,3132516.43,3336378.67,C115338155,306213.52,102351.28,0,0
134,CASH_OUT,711700.16,C1274396477,12294.87,0.0,C378184519,1071267.3,1782967.46,0,0
188,PAYMENT,10466.88,C981829833,0.0,0.0,M685139965,0.0,0.0,0,0
230,PAYMENT,2459.97,C1142240318,422130.56,419670.59,M1362123986,0.0,0.0,0,0
118,CASH_OUT,897427.17,C332841872,897427.17,0.0,C1015137341,75092.82,972520.0,1,0
251,CASH_IN,226464.3,C463996408,152892.0,379356.3,C1927477754,76277.34,0.0,0,0
47,CASH_IN,73325.37,C2083011154,3896158.95,3969484.32,C881476481,1460629.95,1387304.57,0,0
739,CASH_OUT,176549.59,C1566996689,176549.59,0.0,C886844880,409531.17,586080.76,1,0
250,TRANSFER,114827.36,C875158937,114827.36,0.0,C1362630916,0.0,0.0,1,0
308,PAYMENT,1949.88,C1980895630,0.0,0.0,M967440273,0.0,0.0,0,0
168,PAYMENT,3743.49,C1149311453,0.0,0.0,M1787697895,0.0,0.0,0,0
399,CASH_IN,94783.16,C618320943,40484.0,135267.16,C1214498415,0.0,0.0,0,0
410,TRANSFER,871745.76,C1976927795,871745.76,0.0,C1626688758,0.0,0.0,1,0
162,CASH_IN,80196.25,C1816187347,14099887.26,14180083.51,C41519140,3776684.61,3696488.36,0,0
203,CASH_OUT,48750.0,C385407880,0.0,0.0,C1498577597,292211.74,340961.74,0,0
257,CASH_OUT,208786.1,C1868413195,86760.0,0.0,C1706137645,817287.68,1264641.93,0,0
352,CASH_OUT,131878.65,C176467594,215891.0,84012.35,C1372118029,380327.87,512206.52,0,0
396,CASH_IN,123217.32,C155251908,1612134.85,1735352.17,C1165026288,649245.26,526027.94,0,0
202,CASH_OUT,149239.19,C1609879447,11016.0,0.0,C377107170,3561.0,313500.22,0,0
372,CASH_OUT,466239.77,C182139751,0.0,0.0,C302829986,504220.86,970460.63,0,0
609,TRANSFER,228706.19,C1931126401,228706.19,0.0,C579423409,0.0,0.0,1,0
28,CASH_OUT,3832058.34,C426880249,3832058.34,0.0,C1566081912,531662.14,4363720.48,1,0
99,CASH_OUT,130653.37,C2001925235,130653.37,0.0,C238467459,89246.77,219900.14,1,0
302,CASH_IN,225367.22,C232295262,30519.0,255886.22,C648556153,222201.67,0.0,0,0
254,CASH_OUT,165632.6,C1393132366,34468.0,0.0,C620347815,119474.39,285106.99,0,0
323,CASH_IN,106114.78,C2140277377,17990048.91,18096163.69,C1319091272,148541.4,42426.62,0,0
37,PAYMENT,28048.21,C785954975,44356.0,16307.79,M1882568076,0.0,0.0,0,0
334,CASH_IN,85725.07,C1796769180,6938.55,92663.62,C1805319829,2577539.29,2491814.22,0,0
369,PAYMENT,1146.5,C680865497,0.0,0.0,M626507278,0.0,0.0,0,0
228,CASH_OUT,150517.84,C1388877540,155197.24,4679.4,C2073989901,1715311.57,2177682.77,0,0
312,PAYMENT,11456.35,C386324246,15998.0,4541.65,M1580536197,0.0,0.0,0,0
302,CASH_OUT,123832.21,C131547147,0.0,0.0,C1841297509,184720.01,308552.22,0,0
236,CASH_IN,216398.07,C1561142763,8222119.61,8438517.68,C918997901,4555003.07,4338605.0,0,0
129,CASH_OUT,31914.54,C289029637,0.0,0.0,C802885021,650552.36,682466.9,0,0
253,PAYMENT,14938.52,C1642516768,60532.0,45593.48,M1846962625,0.0,0.0,0,0
351,CASH_OUT,58628.74,C601729289,131967.0,73338.26,C2028474754,292142.71,350771.46,0,0
212,CASH_IN,13111.23,C2012035150,21092.0,34203.23,C584469192,735526.82,722415.59,0,0
121,CASH_OUT,254440.83,C1310756162,254440.83,0.0,C472522184,0.0,254440.83,1,0
213,CASH_OUT,251037.08,C1547601038,0.0,0.0,C1486918018,5555226.71,5806263.79,0,0
181,PAYMENT,10314.14,C1066291348,0.0,0.0,M1821665017,0.0,0.0,0,0
159,PAYMENT,18483.93,C1117733489,0.0,0.0,M2137936037,0.0,0.0,0,0
683,DEBIT,12650.45,C1669327225,20472.0,7821.55,C1998363685,4931722.15,4944372.59,0,0
209,CASH_OUT,287407.18,C1519759100,540025.0,252617.82,C1055784961,0.0,287407.18,0,0
182,CASH_OUT,20765.99,C1725622221,10595.0,0.0,C135972043,0.0,20765.99,0,0
613,TRANSFER,327791.14,C1234242622,327791.14,0.0,C1163640582,0.0,0.0,1,0
298,PAYMENT,20886.75,C470750276,0.0,0.0,M1967051199,0.0,0.0,0,0
212,CASH_IN,40162.62,C1419944177,5224314.64,5264477.26,C761551612,182726.41,142563.8,0,0
350,CASH_OUT,207517.2,C396374568,207517.2,0.0,C2089777468,0.0,207517.2,1,0
427,CASH_OUT,426173.04,C1173353466,426173.04,0.0,C114462097,0.0,426173.04,1,0
134,CASH_IN,328192.06,C384180115,40236.0,368428.06,C403488991,0.0,0.0,0,0
226,CASH_OUT,8312.0,C343685135,0.0,0.0,C1430349350,230465.67,238777.68,0,0
522,CASH_IN,266325.43,C1804450223,9266608.53,9532933.96,C470288976,354947.61,88622.17,0,0
37,CASH_OUT,331878.23,C860895425,35025.0,0.0,C1110719458,0.0,331878.23,0,0
71,TRANSFER,14385.54,C706829068,14385.54,0.0,C1684593692,0.0,0.0,1,0
396,CASH_OUT,267761.67,C118736932,290965.69,23204.02,C1735948731,1783869.76,2051631.43,0,0
499,TRANSFER,43308.07,C1244562453,43308.07,0.0,C1559662408,0.0,0.0,1,0
401,CASH_OUT,209804.69,C2119272737,51178.0,0.0,C1030985563,79479.62,289284.32,0,0
227,CASH_IN,384968.04,C244512465,3058615.9,3443583.94,C721805387,1249125.38,864157.34,0,0
158,CASH_IN,327836.93,C1067270556,531.0,328367.93,C2108869048,864181.91,536344.98,0,0
705,PAYMENT,1865.34,C514454622,0.0,0.0,M1040687694,0.0,0.0,0,0
259,CASH_OUT,3030.5,C1984085502,917.0,0.0,C1601158828,0.0,3030.5,0,0
633,CASH_OUT,405400.26,C134085656,405400.26,0.0,C1027510242,707011.54,1112411.81,1,0
397,CASH_IN,374863.48,C1924133080,29656.0,404519.48,C1494938438,0.0,0.0,0,0
273,PAYMENT,299.63,C1074435444,224298.84,223999.2,M811514177,0.0,0.0,0,0
329,PAYMENT,9537.36,C1969837149,260278.61,250741.25,M133940459,0.0,0.0,0,0
492,CASH_OUT,120802.62,C33067163,91148.58,0.0,C720091747,290177.89,410980.5,0,0
416,TRANSFER,10000000.0,C298387535,13019699.77,3019699.77,C662194461,0.0,0.0,1,0
695,TRANSFER,799123.57,C101371414,799123.57,0.0,C1835954982,0.0,0.0,1,0
228,CASH_IN,203126.37,C694935082,2076315.61,2279441.97,C967590494,507619.77,304493.4,0,0
370,PAYMENT,4945.3,C15136602,7405.0,2459.7,M202907697,0.0,0.0,0,0
227,PAYMENT,61659.08,C1434907912,11713.0,0.0,M306913443,0.0,0.0,0,0
253,CASH_OUT,107326.57,C517832373,0.0,0.0,C685988779,694730.53,802057.1,0,0
20,CASH_IN,32127.45,C545252393,6095715.1,6127842.55,C1608595761,6092206.25,6060078.8,0,0
253,CASH_OUT,36039.16,C607879687,10943.0,0.0,C911304185,480368.92,516408.08,0,0
299,CASH_OUT,184333.92,C1987546315,0.0,0.0,C1941264939,690768.08,875102.0,0,0
345,CASH_IN,55545.56,C51913036,1137627.6,1193173.16,C1898555031,1545271.0,1489725.44,0,0
738,CASH_OUT,108240.74,C466016751,108240.74,0.0,C1533222283,28839.11,137079.85,1,0
329,TRANSFER,187363.41,C29480773,0.0,0.0,C98074240,3243249.2,3430612.6,0,0
327,CASH_OUT,217754.09,C1844019048,69352.0,0.0,C1732947018,276080.28,493834.37,0,0
281,PAYMENT,27478.55,C1659510703,0.0,0.0,M474555064,0.0,0.0,0,0
179,CASH_OUT,1333.57,C903170179,0.0,0.0,C850334535,715766.44,717100.01,0,0
307,CASH_IN,209989.57,C1562859642,3778765.35,3988754.92,C222113625,1312096.6,1102107.03,0,0
251,CASH_OUT,152377.81,C1553687754,0.0,0.0,C1597516569,186717.0,127290.46,0,0
305,CASH_OUT,346361.03,C1967352626,0.0,0.0,C609732298,1620002.25,1966363.28,0,0
332,CASH_IN,74041.92,C469054404,20211.0,94252.92,C610892985,0.0,0.0,0,0
670,CASH_OUT,10000000.0,C1795726585,10000000.0,0.0,C912767355,1476475.64,11476475.64,1,0
380,PAYMENT,371.31,C602272582,144375.0,144003.69,M466194255,0.0,0.0,0,0
249,TRANSFER,90915.0,C1794988731,90915.0,0.0,C1111485677,0.0,0.0,1,0
448,PAYMENT,2990.52,C786513347,12745.57,9755.05,M418837748,0.0,0.0,0,0
346,CASH_IN,14164.2,C705549414,5425938.14,5440102.34,C1123399420,1250410.03,1236245.83,0,0
346,TRANSFER,180110.22,C507471240,180110.22,0.0,C1709413116,0.0,0.0,1,0
407,CASH_IN,75500.16,C1267934963,3000060.89,3075561.05,C870681889,161441.48,85941.32,0,0
186,CASH_OUT,304472.46,C1232941779,304472.46,0.0,C1642986177,0.0,304472.46,1,0
280,PAYMENT,2159.64,C2051649421,0.0,0.0,M527810961,0.0,0.0,0,0
134,CASH_OUT,400524.17,C1575182389,0.0,0.0,C1240163887,11311051.54,11711575.71,0,0
352,TRANSFER,875826.32,C1764715505,39489.0,0.0,C425994192,13716.05,889542.37,0,0
84,CASH_OUT,39379.45,C743472915,39379.45,0.0,C165832169,188532.97,227912.43,1,0
12,PAYMENT,33834.4,C512322381,43503.0,9668.6,M1435795959,0.0,0.0,0,0
15,CASH_IN,162772.85,C2081204039,346132.8,508905.66,C1052251218,242083.17,79310.32,0,0
188,TRANSFER,832946.43,C332120876,53250.0,0.0,C643909008,0.0,832946.43,0,0
278,CASH_OUT,109302.88,C913445682,50494.0,0.0,C877570212,0.0,109302.88,0,0
376,PAYMENT,7196.32,C388899899,7149.0,0.0,M826251630,0.0,0.0,0,0
283,PAYMENT,9277.78,C1748124457,0.0,0.0,M285531127,0.0,0.0,0,0
327,CASH_OUT,50583.01,C1591006284,0.0,0.0,C90707296,430197.37,480780.38,0,0
36,CASH_IN,376315.69,C1803469897,21537.0,397852.69,C1248371857,60034.51,0.0,0,0
405,PAYMENT,32187.02,C1038571877,115135.46,82948.44,M862974652,0.0,0.0,0,0
259,TRANSFER,92992.33,C85777552,3359.0,0.0,C162705511,376981.48,469973.81,0,0
37,PAYMENT,11421.24,C817102332,0.0,0.0,M781198051,0.0,0.0,0,0
661,CASH_OUT,29241.37,C1840806015,35192.0,5950.63,C1380147426,491418.3,520659.67,0,0
564,CASH_IN,35883.95,C2058992357,657859.72,693743.68,C508405407,99341.09,63457.14,0,0
341,TRANSFER,929787.24,C1428944530,929787.24,0.0,C385537527,0.0,0.0,1,0
355,TRANSFER,180320.49,C2052554229,467696.0,287375.51,C2090397725,0.0,180320.49,0,0
47,CASH_OUT,32608.8,C51888469,7732.78,0.0,C1537127413,213346.65,245955.45,0,0
158,CASH_OUT,56876.61,C1222366298,217912.0,161035.39,C1404197437,125265.15,182141.76,0,0
8,PAYMENT,1385.79,C137844732,117419.01,116033.22,M456233878,0.0,0.0,0,0
398,TRANSFER,10000000.0,C1577486244,15618179.9,5618179.9,C6676578,0.0,0.0,1,0
300,CASH_OUT,179964.01,C349232644,0.0,0.0,C1634206907,7565888.65,7745852.66,0,0
310,PAYMENT,5598.98,C202342540,0.0,0.0,M236032641,0.0,0.0,0,0
177,CASH_IN,89935.48,C1673088302,1345022.92,1434958.41,C900303093,188740.12,98804.64,0,0
377,CASH_IN,209831.57,C1672130248,69744.0,279575.57,C1215445935,0.0,0.0,0,0
148,TRANSFER,394886.13,C1107493587,394886.13,0.0,C1252635926,0.0,0.0,1,0
381,CASH_OUT,130759.03,C104378694,0.0,0.0,C1967426104,1971013.3,2101772.33,0,0
228,TRANSFER,139161.44,C1507390094,0.0,0.0,C185966697,209936.9,349098.34,0,0
179,CASH_IN,350592.99,C117459327,94525.54,445118.53,C1395570261,2535393.95,2184800.97,0,0
500,CASH_OUT,930970.44,C1061051753,930970.44,0.0,C1461294954,0.0,930970.44,1,0
253,CASH_IN,334004.97,C403725787,80421.0,414425.97,C1531004499,0.0,0.0,0,0
301,PAYMENT,26227.4,C1826709324,0.0,0.0,M664983796,0.0,0.0,0,0
259,CASH_IN,128830.97,C588769158,3082.0,131912.97,C1081712165,7324.03,0.0,0,0
211,CASH_IN,73895.43,C1904621613,5778435.11,5852330.53,C1935505919,2179084.18,2105188.75,0,0
252,PAYMENT,8501.38,C23231677,0.0,0.0,M1093924947,0.0,0.0,0,0
187,CASH_OUT,183406.01,C1844589424,242656.7,59250.69,C1592561207,1257880.53,1441286.54,0,0
692,PAYMENT,29282.94,C1914512524,14711.0,0.0,M1479708766,0.0,0.0,0,0
594,CASH_OUT,164832.55,C911675528,7032.0,0.0,C1523188106,96010.87,260843.42,0,0
168,PAYMENT,12205.28,C173369490,11645.0,0.0,M2088238466,0.0,0.0,0,0
43,CASH_OUT,180141.35,C1314013497,6236.0,0.0,C2088471718,0.0,180141.35,0,0
394,PAYMENT,17502.01,C586156818,0.0,0.0,M913619786,0.0,0.0,0,0
256,TRANSFER,75571.96,C1837071476,0.0,0.0,C1760657575,691106.92,766678.88,0,0
238,TRANSFER,5274773.52,C31838536,5274773.52,0.0,C36485609,0.0,0.0,1,0
235,CASH_IN,93067.64,C514380307,8069.0,101136.64,C2050087657,221239.35,128171.71,0,0
282,TRANSFER,155476.51,C1552255343,50190.48,0.0,C2074880119,2826904.79,2982381.3,0,0
459,TRANSFER,4153.02,C1504417393,4153.02,0.0,C413981813,0.0,0.0,1,0
233,PAYMENT,2859.93,C617983181,3848.65,988.72,M273654279,0.0,0.0,0,0
393,TRANSFER,1048338.9,C534775056,5982.0,0.0,C258701326,27614.34,1075953.24,0,0
92,CASH_OUT,101903.69,C612571830,101903.69,0.0,C544677509,280117.63,382021.32,1,0
307,PAYMENT,27386.69,C1812394366,0.0,0.0,M19664820,0.0,0.0,0,0
380,CASH_OUT,123510.56,C1932830280,305232.0,181721.44,C354464083,8296.71,131807.28,0,0
18,CASH_IN,62426.32,C1160466017,14180.69,76607.01,C2030560997,428098.53,365672.21,0,0
304,CASH_OUT,68744.66,C656490546,36807.0,0.0,C1897579543,0.0,68744.66,0,0
400,CASH_OUT,153073.01,C1262747921,101815.0,0.0,C797218069,0.0,153073.01,0,0
358,PAYMENT,8140.29,C327557382,3969.92,0.0,M266214418,0.0,0.0,0,0
236,CASH_OUT,321116.12,C778723620,0.0,0.0,C216779292,609450.99,930567.11,0,0
133,CASH_IN,206856.78,C1019742621,13792815.55,13999672.33,C1233254915,638815.99,431959.21,0,0
308,TRANSFER,84211.89,C2077753734,0.0,0.0,C720901412,168974.39,253186.28,0,0
11,CASH_OUT,240094.91,C372000282,0.0,0.0,C149474995,884051.52,1375188.59,0,0
215,CASH_IN,30838.98,C1499964534,22737043.57,22767882.55,C293777321,283365.76,252526.79,0,0
235,CASH_OUT,159443.18,C1803071999,0.0,0.0,C643640327,355680.87,515124.05,0,0
158,CASH_IN,233405.3,C1390584175,0.0,233405.3,C1732549660,2179469.88,1946064.58,0,0
13,CASH_IN,523291.38,C1559682949,104328.0,627619.38,C339088096,356665.79,0.0,0,0
208,PAYMENT,11877.26,C1831895967,916993.01,905115.76,M1126485103,0.0,0.0,0,0
205,CASH_OUT,25497.24,C170275078,25896.0,398.76,C1055923598,0.0,25497.24,0,0
163,TRANSFER,60875.08,C1003417437,0.0,0.0,C1599747657,226601.51,287476.59,0,0
233,PAYMENT,61.3,C331738626,8073.0,8011.7,M1188438798,0.0,0.0,0,0
739,CASH_OUT,194521.28,C1558118886,194521.28,0.0,C987019949,7203373.74,7397895.02,1,0
227,CASH_OUT,236432.34,C1274378620,565399.0,328966.66,C541487291,114494.71,350927.05,0,0
210,PAYMENT,12663.64,C1719105060,0.0,0.0,M1209325077,0.0,0.0,0,0
360,PAYMENT,8292.73,C1740790949,0.0,0.0,M1587335827,0.0,0.0,0,0
75,TRANSFER,755813.12,C1153451347,755813.12,0.0,C450761826,0.0,0.0,1,0
400,CASH_IN,351399.99,C1248218803,783.0,352182.99,C565380053,0.0,0.0,0,0
130,CASH_OUT,5210.63,C841519496,279.0,0.0,C948441746,0.0,5210.63,0,0
323,CASH_OUT,208443.8,C405658375,0.0,0.0,C179539402,612015.69,820459.49,0,0
231,CASH_IN,189544.37,C1341126042,17550174.73,17739719.1,C1748634285,1209209.19,1019664.83,0,0
688,PAYMENT,12561.81,C525866205,28227.77,15665.97,M448708098,0.0,0.0,0,0
230,CASH_IN,181701.56,C31595017,20593.0,202294.56,C31763163,296975.38,115273.82,0,0
355,TRANSFER,68537.29,C1081913325,11342.0,0.0,C1243637369,2204159.39,2272696.68,0,0
210,CASH_OUT,75478.7,C1266013974,0.0,0.0,C132174418,162645.57,238124.28,0,0
257,CASH_OUT,274852.94,C1261293410,3462.0,0.0,C2121147705,0.0,274852.94,0,0
251,CASH_IN,299822.03,C1541565417,4468335.39,4768157.42,C757679592,608994.02,309172.0,0,0
514,PAYMENT,12081.83,C1119508844,18209.49,6127.67,M163110491,0.0,0.0,0,0
125,TRANSFER,144065.75,C699771361,144065.75,0.0,C1114367477,0.0,0.0,1,0
43,CASH_IN,96528.0,C530852455,20695.0,117223.0,C483742569,1655290.19,1558762.19,0,0
297,PAYMENT,28422.01,C1188860964,85187.46,56765.45,M178965055,0.0,0.0,0,0
165,TRANSFER,423934.35,C897596330,0.0,0.0,C1426930525,477414.73,901349.09,0,0
417,CASH_OUT,1049586.54,C2136497575,1049586.54,0.0,C1080081723,8366.77,1057953.31,1,0
10,CASH_OUT,133745.33,C222069592,0.0,0.0,C1606106280,249390.14,857460.97,0,0
611,CASH_OUT,451663.55,C1203772880,451663.55,0.0,C744982603,95658.45,547322.01,1,0
35,CASH_IN,548410.88,C801028349,3102979.94,3651390.82,C98133962,4275311.25,3726900.37,0,0
372,PAYMENT,21708.35,C1391123763,0.0,0.0,M1884160115,0.0,0.0,0,0
234,PAYMENT,16839.05,C673765509,48313.17,31474.12,M277275753,0.0,0.0,0,0
259,PAYMENT,31182.99,C989184720,0.0,0.0,M1672357393,0.0,0.0,0,0
139,CASH_IN,319431.78,C2052203807,2487175.92,2806607.7,C344525407,635422.06,315990.28,0,0
212,CASH_IN,183143.54,C1799640692,11233.0,194376.54,C946964899,51098.96,0.0,0,0
134,TRANSFER,164897.48,C929045932,0.0,0.0,C1828047633,12393034.74,12557932.22,0,0
352,PAYMENT,25271.93,C223330076,10687.0,0.0,M529839720,0.0,0.0,0,0
139,CASH_IN,65137.51,C1373310157,3333919.12,3399056.63,C1285415212,213095.54,147958.03,0,0
594,CASH_IN,247879.18,C1539603926,179085.0,426964.18,C182965036,81059.33,0.0,0,0
156,TRANSFER,389493.44,C1522358229,0.0,0.0,C147312809,1195149.11,1584642.55,0,0
372,CASH_OUT,213521.45,C1955681654,0.0,0.0,C2050621123,1560396.93,1773918.38,0,0
301,CASH_OUT,294835.81,C1108505157,31244.0,0.0,C913695467,63155.54,357991.36,0,0
37,PAYMENT,11221.91,C747515078,0.0,0.0,M1577420021,0.0,0.0,0,0
256,PAYMENT,2278.66,C794372019,0.0,0.0,M983113246,0.0,0.0,0,0
236,CASH_OUT,968651.23,C1843014674,968651.23,0.0,C137145524,0.0,719852.88,1,0
198,CASH_OUT,2153055.36,C1119391076,2153055.36,0.0,C1437440684,2394343.5,4547398.86,1,0
156,CASH_OUT,233654.18,C1002272469,10494.0,0.0,C1181482123,0.0,233654.18,0,0
41,CASH_OUT,255898.31,C2040003542,59031.0,0.0,C1360040050,64716.57,320614.88,0,0
294,CASH_OUT,290090.57,C2076884011,290090.57,0.0,C105660024,2000395.18,2290485.75,1,0
386,TRANSFER,978362.97,C1772545154,978362.97,0.0,C1406548876,0.0,0.0,1,0
355,CASH_OUT,40055.97,C287783934,125715.58,85659.61,C672169474,1651261.26,1691317.22,0,0
252,CASH_IN,151846.78,C692640451,22179.0,174025.78,C1620621230,432824.26,280977.48,0,0
259,PAYMENT,14218.07,C933673943,0.0,0.0,M1862006419,0.0,0.0,0,0
141,CASH_IN,358559.87,C353754669,4180045.94,4538605.8,C77230652,2024434.82,1665874.95,0,0
374,CASH_IN,302939.56,C704438364,134166.0,437105.56,C1915277748,140174.88,0.0,0,0
612,CASH_OUT,245985.64,C729170701,38.0,0.0,C409938328,62132.35,308117.99,0,0
261,CASH_OUT,138949.14,C977880912,10747.0,0.0,C2028182106,257850.67,396799.82,0,0
186,CASH_IN,26298.28,C454295085,1541286.47,1567584.76,C1187898593,318345.58,292047.29,0,0
10,PAYMENT,17456.35,C1515440534,849742.89,832286.55,M2003619398,0.0,0.0,0,0
211,PAYMENT,2322.42,C565302920,45522.0,43199.58,M244943807,0.0,0.0,0,0
222,CASH_OUT,211628.75,C1710697792,211628.75,0.0,C408442101,23970.72,235599.46,1,0
183,TRANSFER,198434.43,C2025106968,2569.0,0.0,C1735598112,929116.68,1127551.11,0,0
133,CASH_OUT,146311.46,C1665470296,440934.43,294622.97,C475283073,513738.5,660049.96,0,0
381,TRANSFER,102256.57,C525941534,102256.57,0.0,C521981840,0.0,0.0,1,0
35,CASH_IN,220990.03,C28923185,4726374.91,4947364.94,C695552161,1631975.35,1410985.32,0,0
255,CASH_OUT,41360.95,C554073119,20715.0,0.0,C1649517881,144068.95,185429.89,0,0
139,CASH_IN,313663.22,C1062648796,528.0,314191.22,C1379211203,0.0,0.0,0,0
252,PAYMENT,14757.77,C1009029456,19348.0,4590.23,M1049902836,0.0,0.0,0,0
188,CASH_OUT,144867.51,C244903323,0.0,0.0,C2081145868,576989.38,721856.89,0,0
160,TRANSFER,1284959.39,C1764461949,1284959.39,0.0,C160976870,0.0,0.0,1,0
282,CASH_IN,6762.17,C96668788,7182027.83,7188790.0,C1742928455,1313338.79,1306576.62,0,0
180,CASH_IN,61650.61,C196004057,200422.0,262072.61,C2078201888,0.0,0.0,0,0
184,CASH_IN,115372.12,C1578372060,681.0,116053.12,C459176790,85779.21,0.0,0,0
210,PAYMENT,60558.55,C795396974,185918.78,125360.23,M642363182,0.0,0.0,0,0
403,CASH_IN,154552.29,C33654197,2047487.67,2202039.96,C779144523,743266.42,588714.12,0,0
275,CASH_OUT,190749.21,C837888508,0.0,0.0,C1891392663,1924537.55,2115286.76,0,0
163,PAYMENT,13130.99,C719522125,72167.0,59036.01,M1660335681,0.0,0.0,0,0
589,CASH_IN,138315.78,C707420729,3159636.13,3297951.92,C1212078196,4787737.43,4649421.64,0,0
17,PAYMENT,7844.76,C2137902037,261373.61,253528.85,M751452934,0.0,0.0,0,0
134,CASH_OUT,172231.48,C308021056,605.0,0.0,C256912270,0.0,172231.48,0,0
255,PAYMENT,17230.71,C408668092,157743.0,140512.29,M1168353483,0.0,0.0,0,0
230,TRANSFER,255441.08,C333330454,54628.0,0.0,C727996315,757164.43,1012605.51,0,0
376,PAYMENT,20559.62,C1221222689,0.0,0.0,M709149263,0.0,0.0,0,0
34,CASH_OUT,220169.17,C1906791024,0.0,0.0,C1686676178,382700.31,602869.48,0,0
212,PAYMENT,18993.21,C1999664139,0.0,0.0,M270608911,0.0,0.0,0,0
643,CASH_OUT,352179.76,C1338415821,352179.76,0.0,C1852367071,350816.33,702996.09,1,0
323,CASH_IN,71663.55,C1284344046,3191.0,74854.55,C2078019713,0.0,0.0,0,0
19,CASH_OUT,289237.45,C786189308,0.0,0.0,C968852538,2365096.45,2654333.91,0,0
377,CASH_OUT,59857.63,C2074988411,0.0,0.0,C1065788146,116468.05,176325.68,0,0
399,CASH_OUT,179767.81,C309766358,20516.0,0.0,C1688764146,94054.5,273822.3,0,0
398,TRANSFER,12.81,C1710363613,0.0,0.0,C710986949,185585.15,185597.96,0,0
399,CASH_OUT,35823.27,C447686032,51138.0,15314.73,C256041624,517341.31,553164.58,0,0
481,TRANSFER,20296.68,C1415686677,20296.68,0.0,C384177810,0.0,0.0,1,0
47,CASH_OUT,667043.9,C1676208609,667043.9,0.0,C1263000252,104132.27,771176.17,1,0
373,CASH_IN,42693.9,C244364449,645679.64,688373.54,C998106936,70071.42,27377.52,0,0
279,PAYMENT,2047.53,C891059540,0.0,0.0,M269132331,0.0,0.0,0,0
369,CASH_OUT,1674146.06,C128613711,1674146.06,0.0,C1898150915,4728174.27,6402320.34,1,0
283,TRANSFER,889754.41,C290246800,0.0,0.0,C2008749582,4883774.98,5773529.39,0,0
299,CASH_IN,149463.08,C48717544,1226718.57,1376181.65,C449843898,471371.75,321908.67,0,0
14,CASH_OUT,125721.66,C1566776082,0.0,0.0,C464601431,281991.24,509841.61,0,0
379,CASH_OUT,168692.65,C1671218303,112.0,0.0,C1413022939,0.0,168692.65,0,0
256,CASH_IN,421105.71,C759397918,2193505.61,2614611.31,C1243647970,958829.74,537724.03,0,0
664,TRANSFER,84771.55,C353441050,84771.55,0.0,C1305397370,0.0,0.0,1,0
332,PAYMENT,24963.23,C416468392,0.0,0.0,M377845431,0.0,0.0,0,0
255,PAYMENT,11454.31,C434697141,307482.04,296027.73,M572501396,0.0,0.0,0,0
203,PAYMENT,6680.81,C1952516975,104678.0,97997.19,M1781758430,0.0,0.0,0,0
163,PAYMENT,1996.3,C1891272946,5307.0,3310.7,M1650645862,0.0,0.0,0,0
189,CASH_IN,61794.93,C1819251655,9791.0,71585.93,C159387128,5507335.14,5445540.2,0,0
31,CASH_OUT,21516.38,C939116023,21516.38,0.0,C1335084969,900122.84,921639.22,1,0
402,CASH_OUT,104470.13,C1367197359,99466.0,0.0,C737905120,0.0,104470.13,0,0
189,CASH_OUT,26333.81,C980758896,0.0,0.0,C1898702999,61393.02,87726.84,0,0
330,CASH_OUT,57669.4,C1622652524,0.0,0.0,C1564760623,1068902.84,1126572.24,0,0
563,CASH_OUT,190662.7,C1867694951,190662.7,0.0,C114310836,309903.6,500566.3,1,0
234,TRANSFER,355002.88,C71140853,0.0,0.0,C2037808962,5583068.18,5938071.06,0,0
252,PAYMENT,15256.07,C708516355,0.0,0.0,M1940386523,0.0,0.0,0,0
304,CASH_OUT,278205.11,C568042561,0.0,0.0,C1324153694,1760380.59,2038585.69,0,0
378,PAYMENT,3638.77,C1434245735,0.0,0.0,M1524591555,0.0,0.0,0,0
9,PAYMENT,11636.91,C409151913,205728.09,194091.18,M548793023,0.0,0.0,0,0
241,PAYMENT,4096.99,C659583687,617.0,0.0,M1850093771,0.0,0.0,0,0
278,TRANSFER,47888.51,C317425446,0.0,0.0,C580964726,1054786.52,1102675.04,0,0
164,TRANSFER,63524.35,C516725189,10265.0,0.0,C1423507632,293165.89,356690.24,0,0
284,CASH_IN,87711.7,C136404991,3452295.38,3540007.08,C1656588823,420971.28,333259.57,0,0
401,CASH_IN,491247.93,C1102068949,6325.0,497572.93,C1501764600,1404361.35,913113.42,0,0
213,CASH_IN,190437.49,C485538023,8152.0,198589.49,C2087319417,0.0,0.0,0,0
408,PAYMENT,17486.9,C1365376343,38394.74,20907.85,M2074710891,0.0,0.0,0,0
66,TRANSFER,548269.98,C172609143,548269.98,0.0,C106756368,0.0,0.0,1,0
201,TRANSFER,179624.54,C1508073736,75576.0,0.0,C854421674,661718.17,841342.71,0,0
260,PAYMENT,4541.27,C1668755768,2668.0,0.0,M268054224,0.0,0.0,0,0
212,CASH_IN,169739.82,C1194533694,20548.0,190287.82,C1099937845,0.0,0.0,0,0
405,CASH_IN,173407.49,C375261797,8873887.29,9047294.78,C1078216427,2246394.92,2072987.43,0,0
188,PAYMENT,2375.8,C1230338450,144.0,0.0,M595972849,0.0,0.0,0,0
71,TRANSFER,322113.91,C1765119291,322113.91,0.0,C371379583,0.0,0.0,1,0
141,PAYMENT,12314.65,C1252200340,417.0,0.0,M475832662,0.0,0.0,0,0
312,CASH_OUT,608290.12,C1818027225,608290.12,0.0,C1832609455,187218.01,795508.14,1,0
657,TRANSFER,1619313.55,C1249125999,1619313.55,0.0,C435845039,0.0,0.0,1,0
350,CASH_IN,129727.76,C1741301290,10331.0,140058.76,C1909391927,0.0,0.0,0,0
210,CASH_IN,75691.56,C1789776128,879167.89,954859.46,C995257546,305279.88,229588.31,0,0
386,TRANSFER,10000000.0,C1499124218,21975271.77,11975271.77,C430952051,0.0,0.0,1,0
8,CASH_IN,331287.81,C1025755266,61825.0,393112.81,C754329241,0.0,0.0,0,0
302,CASH_OUT,178462.42,C182430578,0.0,0.0,C1869197498,2066942.83,2245405.25,0,0
212,CASH_IN,138933.0,C966679966,6091.0,145024.0,C1561026605,248713.32,109780.32,0,0
403,CASH_OUT,224501.43,C1401699404,52105.0,0.0,C1511668636,2814279.9,3038781.34,0,0
162,CASH_OUT,256944.41,C677742190,1592.0,0.0,C149042148,0.0,256944.41,0,0
304,PAYMENT,14227.66,C1043655150,149.0,0.0,M260147985,0.0,0.0,0,0
13,CASH_OUT,78042.68,C723032311,21853.0,0.0,C1238192505,0.0,78042.68,0,0
426,CASH_OUT,74074.38,C1791299339,5572.0,0.0,C183861798,111269.99,185344.37,0,0
138,PAYMENT,9423.61,C605400274,0.0,0.0,M1223052973,0.0,0.0,0,0
215,PAYMENT,13800.34,C1658711910,19951.0,6150.66,M1622550639,0.0,0.0,0,0
698,TRANSFER,1242226.78,C2110278215,1242226.78,0.0,C749611151,0.0,0.0,1,0
615,TRANSFER,368973.39,C1685726737,368973.39,0.0,C22993151,0.0,0.0,1,0
356,DEBIT,3793.13,C1601024803,278062.18,274269.06,C992334260,765826.47,769619.59,0,0
45,TRANSFER,795037.71,C496188035,0.0,0.0,C1274971943,4333445.32,5128483.03,0,0
693,CASH_OUT,1018645.2,C798424604,1018645.2,0.0,C1341894721,80713.83,1099359.03,1,0
45,CASH_IN,34078.2,C874088410,23685.0,57763.2,C1698083465,804706.38,770628.18,0,0
55,CASH_OUT,109028.8,C1835596211,109028.8,0.0,C1502942700,674110.57,783139.37,1,0
204,PAYMENT,4954.75,C1572136267,11162.0,6207.25,M37927814,0.0,0.0,0,0
706,CASH_OUT,265961.0,C1978041486,265961.0,0.0,C1543581230,9354076.45,9620037.45,1,0
256,TRANSFER,40231.56,C727542577,40231.56,0.0,C2002670560,0.0,0.0,1,0
400,CASH_OUT,124907.99,C765674205,0.0,0.0,C303014132,154539.64,279447.63,0,0
354,CASH_OUT,98113.1,C780951439,11054.0,0.0,C912674646,47388.92,145502.03,0,0
201,PAYMENT,16360.99,C145046986,0.0,0.0,M365408361,0.0,0.0,0,0
277,TRANSFER,3326877.25,C203500818,0.0,0.0,C995261825,12366393.98,15693271.23,0,0
522,CASH_IN,136994.83,C244320773,11577.0,148571.83,C879983640,38755407.78,38618412.95,0,0
211,CASH_OUT,196156.51,C938242234,151.0,0.0,C1415130807,320497.34,516653.86,0,0
253,PAYMENT,46575.34,C1506369003,3569.0,0.0,M331701048,0.0,0.0,0,0
274,CASH_OUT,91951.99,C1751225684,0.0,0.0,C580533329,1355263.27,1447215.26,0,0
38,CASH_IN,432300.86,C721349743,793.0,433093.86,C1513891783,100052.96,0.0,0,0
40,PAYMENT,22962.57,C477323953,0.0,0.0,M121677257,0.0,0.0,0,0
726,CASH_OUT,9065.44,C2119805225,9065.44,0.0,C1289962694,757856.9,766922.34,1,0
232,CASH_OUT,79817.0,C924412783,0.0,0.0,C1203220919,1313958.59,1393775.59,0,0
164,PAYMENT,10267.67,C1186377751,45870.0,35602.33,M508417273,0.0,0.0,0,0
332,CASH_OUT,164581.37,C1603563493,297491.0,132909.63,C1786105729,202872.44,367453.81,0,0
141,CASH_IN,166243.56,C979900945,10161002.74,10327246.3,C1442637212,376239.06,209995.51,0,0
284,PAYMENT,618.3,C1345760977,49991.0,49372.7,M429098612,0.0,0.0,0,0
185,CASH_OUT,41659.46,C1841826871,636551.99,594892.53,C17061974,105844.03,147503.49,0,0
206,CASH_OUT,145103.85,C457858327,19954.0,0.0,C413205415,0.0,145103.85,0,0
156,CASH_OUT,302534.15,C234689490,40442.0,0.0,C1506594873,3922041.61,4224575.76,0,0
34,TRANSFER,960112.61,C134074259,101159.0,0.0,C963947169,62149.0,991831.13,0,0
187,CASH_OUT,185884.06,C279117687,276090.48,90206.41,C1665164674,1313576.03,1499460.09,0,0
48,TRANSFER,1215297.01,C22070941,1215297.01,0.0,C1908319524,0.0,0.0,1,0
690,CASH_OUT,463729.92,C458854290,416259.0,0.0,C1114347902,3626652.6,4090382.52,0,0
280,TRANSFER,475854.04,C881015352,475854.04,0.0,C1335953654,0.0,0.0,1,0
324,PAYMENT,41782.29,C1677830607,0.0,0.0,M996884103,0.0,0.0,0,0
355,CASH_OUT,43109.0,C1723114955,2603.0,0.0,C1171772552,856494.13,899603.12,0,0
279,TRANSFER,10000000.0,C339144629,20536624.41,10536624.41,C447852930,0.0,0.0,1,0
143,CASH_OUT,7068115.67,C884592153,7068115.67,0.0,C2111326031,147582.41,7215698.08,1,0
372,PAYMENT,18156.07,C2134464387,0.0,0.0,M1073685023,0.0,0.0,0,0
732,TRANSFER,59677.48,C1489751550,59677.48,0.0,C934061897,0.0,0.0,1,0
332,PAYMENT,10937.58,C1400222543,6078.0,0.0,M1586505477,0.0,0.0,0,0
374,TRANSFER,700523.69,C557416000,700523.69,0.0,C1372402495,0.0,0.0,1,0
350,CASH_IN,336909.47,C1547316927,4770561.75,5107471.23,C1253072423,1036876.79,699967.31,0,0
130,CASH_OUT,334328.35,C1090228349,0.0,0.0,C7701506,4186367.62,4360508.51,0,0
669,CASH_OUT,106290.68,C1300397389,106290.68,0.0,C775257177,0.0,106290.68,1,0
403,CASH_OUT,2371324.81,C392198260,2371324.81,0.0,C1091956539,3448629.16,5819953.98,1,0
11,PAYMENT,13187.71,C1189921827,0.0,0.0,M1908869776,0.0,0.0,0,0
327,CASH_OUT,257393.13,C154814375,297077.23,39684.11,C148964144,603100.34,860493.47,0,0
232,CASH_IN,72612.61,C1696465471,831.0,73443.61,C1791018240,0.0,0.0,0,0
183,CASH_IN,80968.93,C727247904,10561315.4,10642284.32,C1191733052,179612.15,98643.23,0,0
179,CASH_IN,156879.05,C945171030,1823726.56,1980605.6,C712956349,8210559.88,8053680.83,0,0
33,DEBIT,1609.92,C852319593,101715.44,100105.51,C297484187,966673.56,968283.49,0,0
692,PAYMENT,740.58,C467212526,143326.57,142585.99,M725115866,0.0,0.0,0,0
227,CASH_OUT,96317.15,C2022803247,93538.0,0.0,C579987881,0.0,96317.15,0,0
596,CASH_OUT,66715.43,C615505560,0.0,0.0,C1030606782,685383.71,752099.14,0,0
185,CASH_OUT,66978.12,C395484815,0.0,0.0,C422511023,100580.27,167558.39,0,0
300,CASH_IN,131017.02,C650518627,129804.81,260821.84,C989301937,580979.29,449962.27,0,0
303,CASH_OUT,62046.36,C1493066274,0.0,0.0,C118750807,9166628.66,9228675.02,0,0
358,PAYMENT,2553.28,C298259981,269134.72,266581.43,M1703411203,0.0,0.0,0,0
350,PAYMENT,26483.09,C1165822058,0.0,0.0,M1024638289,0.0,0.0,0,0
378,CASH_IN,340827.99,C1678418233,5003131.52,5343959.51,C1482620810,1156225.54,815397.55,0,0
15,CASH_OUT,225296.84,C793134279,0.0,0.0,C293348398,795342.21,1020639.05,0,0
157,CASH_OUT,242012.5,C2049171766,5829.02,0.0,C1583436233,413592.07,655604.57,0,0
676,TRANSFER,3542716.02,C1521869137,3542716.02,0.0,C377406581,0.0,0.0,1,0
282,CASH_OUT,54974.36,C393681171,27581.0,0.0,C2008189360,5369178.55,5424152.91,0,0
209,PAYMENT,5922.77,C1020323389,0.0,0.0,M1110410482,0.0,0.0,0,0
15,CASH_OUT,89530.9,C2024576521,0.0,0.0,C908332393,351679.79,273048.25,0,0
135,TRANSFER,958953.62,C938582682,6540.0,0.0,C1636573513,0.0,958953.62,0,0
582,CASH_OUT,1270565.77,C1599110470,1270565.77,0.0,C1024005530,216005.04,1486570.81,1,0
324,CASH_OUT,295145.34,C518448750,103796.0,0.0,C312818103,54693.74,349839.08,0,0
37,CASH_OUT,271725.99,C1443918521,53381.0,0.0,C225499695,0.0,271725.99,0,0
18,CASH_OUT,252024.52,C1554366172,0.0,0.0,C4888862,638838.11,890862.63,0,0
188,CASH_OUT,1152.83,C1081767469,0.0,0.0,C1023969368,269585.48,270738.31,0,0
379,CASH_OUT,8317724.27,C2079730259,8317724.27,0.0,C684635804,0.0,8317724.27,1,0
178,CASH_OUT,763913.96,C743019474,763913.96,0.0,C508327884,118405.94,882319.9,1,0
178,CASH_IN,15144.51,C905339814,23568.0,38712.51,C1975390043,1309935.45,1656123.4,0,0
153,PAYMENT,17747.33,C1343489744,9090.0,0.0,M1496370656,0.0,0.0,0,0
94,CASH_IN,13463.74,C1074133193,22807.0,36270.74,C861464848,0.0,0.0,0,0
451,CASH_OUT,84412.61,C2141612717,51264.0,0.0,C232836766,224093.02,308505.62,0,0
187,TRANSFER,72305.72,C394569651,74438.45,2132.74,C2066996491,437076.6,509382.31,0,0
45,CASH_OUT,210278.17,C234246681,17876.0,0.0,C1991151490,134910.97,345189.14,0,0
354,CASH_OUT,85298.93,C294791554,0.0,0.0,C55153967,178141.27,263440.2,0,0
154,CASH_OUT,40766.41,C75726438,0.0,0.0,C1990262402,475229.77,515996.17,0,0
207,CASH_IN,199487.23,C1584333868,50944.0,250431.23,C851374203,0.0,0.0,0,0
190,PAYMENT,6126.19,C1753460967,200257.0,194130.81,M1254527022,0.0,0.0,0,0
373,CASH_IN,37772.03,C1193036021,1439616.6,1477388.63,C834664262,60626.0,22853.97,0,0
397,CASH_OUT,21217.08,C167831998,0.0,0.0,C1255386166,24176.3,45393.38,0,0
184,CASH_IN,26437.67,C179116056,13868656.27,13895093.94,C892634099,131335.58,104897.91,0,0
330,CASH_OUT,308574.13,C19364972,104615.0,0.0,C39946629,0.0,308574.13,0,0
44,PAYMENT,2520.52,C306764947,0.0,0.0,M387497692,0.0,0.0,0,0
135,TRANSFER,128417.96,C244991293,128417.96,0.0,C1736477135,0.0,0.0,1,0
137,CASH_OUT,417217.89,C1644589912,417217.89,0.0,C671189136,2468054.62,2885272.51,1,0
20,CASH_IN,312533.62,C1478199811,50606.0,363139.62,C978839804,363722.13,51188.51,0,0
320,TRANSFER,34099.1,C319281201,34099.1,0.0,C2021539165,0.0,0.0,1,0
41,TRANSFER,313200.47,C203814771,0.0,0.0,C572728110,2065840.03,2379040.5,0,0
207,PAYMENT,2579.6,C1344631554,51277.0,48697.4,M528234070,0.0,0.0,0,0
34,CASH_OUT,71693.42,C1845753498,71693.42,0.0,C967051629,0.0,71693.42,1,0
352,TRANSFER,614145.31,C1021093618,614145.31,0.0,C1029613730,0.0,0.0,1,0
265,CASH_OUT,5721871.91,C533511520,5721871.91,0.0,C226077337,146633.42,5868505.33,1,0
138,PAYMENT,25443.68,C1299738756,0.0,0.0,M1657695715,0.0,0.0,0,0
42,CASH_OUT,367537.44,C975169575,0.0,0.0,C229354194,1808863.1,2176400.54,0,0
404,CASH_OUT,25445.35,C1468398128,11319.0,0.0,C2004040332,0.0,25445.35,0,0
142,PAYMENT,10762.92,C648715021,1449.06,0.0,M547787465,0.0,0.0,0,0
302,CASH_OUT,34017.49,C1975457238,229270.0,195252.51,C1027685341,1849803.56,1883821.05,0,0
158,PAYMENT,409.73,C134626138,0.0,0.0,M769539764,0.0,0.0,0,0
28,CASH_OUT,491517.77,C1198658385,491517.77,0.0,C523126423,518777.34,1010295.11,1,0
531,TRANSFER,1312406.14,C83063124,1312406.14,0.0,C1421025429,0.0,0.0,1,0
48,CASH_OUT,71905.81,C851302583,0.0,0.0,C537562802,1374514.58,1446420.39,0,0
182,PAYMENT,15681.68,C900623744,18942.0,3260.32,M1594373045,0.0,0.0,0,0
138,PAYMENT,28976.46,C1384725298,10029.0,0.0,M494110108,0.0,0.0,0,0
210,PAYMENT,7669.26,C2057024599,0.0,0.0,M1327692936,0.0,0.0,0,0
723,TRANSFER,457359.64,C1927429291,457359.64,0.0,C269394270,0.0,0.0,1,0
374,CASH_OUT,321891.71,C28003755,20010.0,0.0,C209068532,0.0,321891.71,0,0
40,CASH_OUT,109629.55,C254067890,0.0,0.0,C1462340953,3633333.82,4039949.23,0,0
10,CASH_IN,122217.69,C1720491728,2263994.92,2386212.61,C1437074823,2436994.97,2484314.3,0,0
303,CASH_OUT,58712.27,C2082929553,50575.0,0.0,C1005888830,0.0,58712.27,0,0
154,CASH_OUT,311070.51,C1652427119,196345.0,0.0,C1909821544,59762.22,370832.73,0,0
140,CASH_OUT,241726.14,C724492945,26088.0,0.0,C112948513,119682.81,361408.95,0,0
319,TRANSFER,88424.06,C2132033219,88424.06,0.0,C1378618834,0.0,0.0,1,0
695,PAYMENT,4480.34,C1075308369,0.0,0.0,M1925893502,0.0,0.0,0,0
413,CASH_OUT,341441.17,C204567702,341441.17,0.0,C1336378574,0.0,341441.17,1,0
228,DEBIT,741.04,C416554824,0.0,0.0,C1942878140,3941699.1,3942440.14,0,0
403,CASH_IN,48390.53,C387988777,97873.0,146263.53,C2143503347,294423.14,246032.62,0,0
370,CASH_IN,132768.49,C1417667026,122615.0,255383.49,C604674083,0.0,0.0,0,0
349,PAYMENT,2154.32,C1509285793,246412.15,244257.83,M1057841519,0.0,0.0,0,0
42,PAYMENT,17152.46,C540106550,159083.0,141930.54,M897496033,0.0,0.0,0,0
323,CASH_OUT,479796.45,C424621891,31353.0,0.0,C2064495210,479495.48,959291.92,0,0
335,PAYMENT,9123.48,C33031330,0.0,0.0,M1097189944,0.0,0.0,0,0
326,CASH_IN,326264.76,C1554417471,11831.0,338095.76,C1321401876,832005.28,505740.52,0,0
258,PAYMENT,2159.33,C217985563,203721.76,201562.44,M1590672516,0.0,0.0,0,0
228,PAYMENT,23241.33,C1530559252,48989.02,25747.69,M714052310,0.0,0.0,0,0
46,CASH_OUT,360322.06,C1537526832,0.0,0.0,C603574025,387924.28,748246.34,0,0
161,CASH_OUT,8720558.46,C34841317,8720558.46,0.0,C1571144443,529852.78,9250411.25,1,0
187,CASH_IN,30534.73,C802249734,44675.0,75209.73,C1684590110,0.0,0.0,0,0
397,CASH_OUT,7926.83,C526419947,0.0,0.0,C1231355383,3699368.91,3707295.74,0,0
188,CASH_OUT,7331.14,C713893526,169.0,0.0,C599970206,252877.35,260208.49,0,0
234,PAYMENT,20151.15,C346623176,0.0,0.0,M465051194,0.0,0.0,0,0
332,PAYMENT,18576.8,C307260902,10206.6,0.0,M172410073,0.0,0.0,0,0
162,CASH_OUT,154862.41,C22256924,0.0,0.0,C297845920,2804974.16,2959836.57,0,0
93,TRANSFER,711501.44,C765420892,49859.0,0.0,C1697471603,3076722.82,3788224.26,0,0
211,CASH_OUT,10031.98,C132004380,14902.0,4870.02,C101280891,0.0,10031.98,0,0
282,PAYMENT,7720.01,C2029974205,0.0,0.0,M2023144592,0.0,0.0,0,0
308,CASH_OUT,353.53,C1875028281,249878.04,249524.51,C1543721189,2600.32,2953.85,0,0
159,PAYMENT,32162.35,C10176835,1354.93,0.0,M366461945,0.0,0.0,0,0
250,PAYMENT,2004.91,C1691873745,0.0,0.0,M567923564,0.0,0.0,0,0
323,CASH_IN,27154.59,C1173316001,7127.0,34281.59,C2040215595,1969728.7,1942574.11,0,0
398,TRANSFER,1498296.47,C664914101,1498296.47,0.0,C228214204,0.0,0.0,1,0
44,CASH_OUT,51617.49,C231070991,124542.0,72924.51,C1625753055,0.0,51617.49,0,0
719,CASH_OUT,119306.06,C1199258183,119306.06,0.0,C136557058,4040.44,123346.5,1,0
11,CASH_OUT,632757.95,C1119255053,0.0,0.0,C1997221282,9622002.13,10254760.09,0,0
371,CASH_OUT,17763.4,C1680686991,93666.0,75902.6,C2102043988,33563.74,51327.14,0,0
382,PAYMENT,14596.61,C103432643,50013.0,35416.39,M1054893334,0.0,0.0,0,0
36,PAYMENT,25424.23,C1877384423,5015.0,0.0,M1575973014,0.0,0.0,0,0
230,PAYMENT,6306.36,C1441672154,0.0,0.0,M515532575,0.0,0.0,0,0
20,PAYMENT,11148.17,C2004748678,10030.0,0.0,M1839591173,0.0,0.0,0,0
331,CASH_OUT,159522.31,C793109824,0.0,0.0,C1681500295,1277286.98,1436809.29,0,0
140,CASH_IN,49486.89,C194521225,0.0,49486.89,C2111525956,252544.13,203057.24,0,0
119,CASH_OUT,21698.13,C1452953521,21698.13,0.0,C1486382672,75618.16,97316.28,1,0
521,TRANSFER,48734.24,C1051865605,48734.24,0.0,C2005579238,0.0,0.0,1,0
394,CASH_IN,95599.43,C1073582133,8794990.14,8890589.56,C129690015,293663.15,198063.73,0,0
179,CASH_IN,392762.6,C1306249071,130034.0,522796.6,C708307617,9776042.83,9383280.22,0,0
134,CASH_IN,328009.26,C1565915030,32531.0,360540.26,C131181607,134067.96,0.0,0,0
252,CASH_IN,134166.33,C1117416802,0.0,134166.33,C1910691819,169019.04,34852.71,0,0
21,PAYMENT,9114.27,C1097002886,190879.0,181764.73,M1339030873,0.0,0.0,0,0
130,CASH_OUT,106199.6,C1140183716,0.0,0.0,C1058020162,354868.55,461068.14,0,0
500,CASH_OUT,12213.92,C836453036,55415.0,43201.08,C145199590,352869.12,365083.05,0,0
213,PAYMENT,5395.91,C1544813885,28918.95,23523.04,M437056928,0.0,0.0,0,0
13,PAYMENT,4517.63,C923587103,0.0,0.0,M60425676,0.0,0.0,0,0
178,CASH_OUT,174805.56,C1329828237,0.0,0.0,C301397738,918226.92,1093032.48,0,0
13,CASH_IN,148101.62,C1054778965,1803.0,149904.62,C168250612,7720.0,0.0,0,0
305,CASH_OUT,218070.09,C1358925285,21118.0,0.0,C872554896,0.0,148436.71,0,0
330,PAYMENT,12867.16,C1882990077,0.0,0.0,M1918802459,0.0,0.0,0,0
329,PAYMENT,12282.35,C1287522913,0.0,0.0,M888964793,0.0,0.0,0,0
692,CASH_IN,279328.36,C11104932,1164567.33,1443895.68,C1854337579,285295.46,5967.1,0,0
446,TRANSFER,2720647.79,C1998926306,2720647.79,0.0,C619524298,0.0,0.0,1,0
330,PAYMENT,22176.69,C1737020985,0.0,0.0,M1906564773,0.0,0.0,0,0
220,TRANSFER,3379009.86,C33984222,3379009.86,0.0,C330559160,0.0,0.0,1,0
19,CASH_OUT,464376.9,C1235956735,0.0,0.0,C316486913,5153638.9,5618015.8,0,0
235,CASH_OUT,151964.57,C612976703,0.0,0.0,C640836152,1412920.94,1564885.51,0,0
405,PAYMENT,62406.94,C1870309041,0.0,0.0,M518632074,0.0,0.0,0,0
329,TRANSFER,1349819.92,C897465551,0.0,0.0,C2009145397,3340356.07,4670069.26,0,0
393,PAYMENT,7198.49,C1171659605,17442.0,10243.51,M237105687,0.0,0.0,0,0
156,CASH_OUT,21182.07,C315305161,0.0,0.0,C496806290,2350611.71,2371793.78,0,0
300,CASH_OUT,259993.9,C1603367579,659254.37,399260.47,C1050164095,290625.13,550619.03,0,0
19,CASH_OUT,91573.1,C20327047,0.0,0.0,C55305556,870420.03,961993.13,0,0
14,CASH_IN,28373.58,C498401947,5703395.02,5731768.6,C408222719,388445.0,555409.88,0,0
726,CASH_OUT,834495.09,C1461019839,834495.09,0.0,C685427542,471101.6,1305596.69,1,0
30,CASH_OUT,19016.22,C1257554854,19016.22,0.0,C1044117371,9347999.52,9367015.74,1,0
348,CASH_OUT,140586.67,C1992039066,39241.0,0.0,C997780280,41466.74,182053.41,0,0
587,PAYMENT,4366.42,C159214192,5191.0,824.58,M2002329566,0.0,0.0,0,0
252,PAYMENT,2125.03,C862529647,0.0,0.0,M1750051269,0.0,0.0,0,0
227,CASH_IN,112835.8,C1429415511,7840779.21,7953615.02,C970088635,3155422.71,3042586.9,0,0
347,CASH_OUT,496105.08,C770762176,0.0,0.0,C458581376,4244145.78,4740250.85,0,0
638,TRANSFER,134293.12,C1081458588,134293.12,0.0,C633958769,0.0,0.0,1,0
308,PAYMENT,21576.38,C1862966040,81464.0,59887.62,M351718347,0.0,0.0,0,0
323,CASH_IN,130782.69,C662249270,27868446.05,27999228.75,C402743164,7175015.88,7044233.18,0,0
183,CASH_OUT,205797.56,C262481960,0.0,0.0,C258004483,1299126.92,1504924.48,0,0
661,CASH_IN,362184.67,C1110397745,32107.0,394291.67,C358312020,499935.99,137751.31,0,0
12,CASH_OUT,181389.09,C200538412,310546.97,129157.87,C2075725853,468698.06,340198.13,0,0
405,PAYMENT,15756.16,C659728551,0.0,0.0,M946629040,0.0,0.0,0,0
253,PAYMENT,6483.5,C74316923,316463.74,309980.24,M1782430974,0.0,0.0,0,0
43,CASH_IN,193340.65,C729834160,510939.64,704280.29,C1688533042,238311.1,44970.45,0,0
429,CASH_IN,217008.35,C592296824,3155592.2,3372600.56,C1654571417,1006540.49,789532.14,0,0
400,PAYMENT,15289.41,C1494509921,0.0,0.0,M123869143,0.0,0.0,0,0
209,CASH_IN,241341.11,C879757890,4171320.41,4412661.52,C1283824970,830535.02,589193.91,0,0
325,CASH_OUT,195572.68,C1611227274,0.0,0.0,C1071293699,476199.91,671772.59,0,0
253,CASH_IN,356429.04,C1678845886,21667.0,378096.04,C858633603,62476.53,0.0,0,0
226,TRANSFER,493130.82,C963093851,0.0,0.0,C566544463,1179666.41,1672797.23,0,0
511,TRANSFER,2491.85,C1751683841,2491.85,0.0,C1911344900,0.0,0.0,1,0
395,CASH_OUT,398634.98,C687116627,0.0,0.0,C946728795,566361.34,964996.32,0,0
211,TRANSFER,240827.51,C989321455,0.0,0.0,C1056899763,1347500.62,1588328.13,0,0
608,TRANSFER,780687.45,C1149916025,780687.45,0.0,C757331107,0.0,0.0,1,0
40,CASH_OUT,22855.38,C1761687561,12276.0,0.0,C136582570,2301612.74,2683448.31,0,0
249,CASH_OUT,369448.2,C2020495090,369448.2,0.0,C650699445,0.0,369448.2,1,0
588,CASH_OUT,576897.5,C2082215548,0.0,0.0,C731166325,2247195.35,2824092.85,0,0
522,PAYMENT,21767.09,C1423482352,0.0,0.0,M1002100574,0.0,0.0,0,0
164,CASH_OUT,201692.28,C772191929,0.0,0.0,C2108304070,452647.04,654339.32,0,0
370,CASH_OUT,131195.56,C1676004696,0.0,0.0,C1618871970,1801023.69,1932219.24,0,0
382,CASH_IN,137049.12,C224055496,13256495.7,13393544.82,C377329593,1807981.23,1670932.11,0,0
235,PAYMENT,9317.42,C1320703445,0.0,0.0,M272168949,0.0,0.0,0,0
596,PAYMENT,3647.38,C1142341043,12568.95,8921.56,M1005249297,0.0,0.0,0,0
36,CASH_IN,147431.38,C648238594,206096.0,353527.38,C431967991,330271.53,182840.15,0,0
396,PAYMENT,8386.44,C1303276896,21704.95,13318.51,M2010623828,0.0,0.0,0,0
326,TRANSFER,199179.63,C754699163,0.0,0.0,C862593841,419772.81,618952.45,0,0
90,CASH_OUT,39664.74,C1334465444,39664.74,0.0,C247088283,0.0,39664.74,1,0
10,CASH_OUT,65744.38,C1245752922,44992.0,0.0,C459857341,290250.73,320251.43,0,0
346,PAYMENT,18772.01,C50555845,0.0,0.0,M2093967480,0.0,0.0,0,0
229,CASH_IN,660888.68,C692086933,9007008.7,9667897.38,C831990950,10759579.68,10098690.99,0,0
137,CASH_IN,198645.58,C356154205,189708.6,388354.17,C739370236,1552691.82,1354046.25,0,0
235,PAYMENT,37169.3,C1519067943,135670.29,98500.99,M1002683160,0.0,0.0,0,0
211,PAYMENT,4687.0,C1174014696,0.0,0.0,M1906106452,0.0,0.0,0,0
325,CASH_OUT,185944.0,C1647630669,631607.0,445663.0,C56786773,0.0,185944.0,0,0
299,CASH_IN,271010.77,C180852510,3509437.04,3780447.81,C290835035,4405895.26,4134884.49,0,0
258,CASH_OUT,193484.83,C1071885331,0.0,0.0,C992252592,1254836.64,1448321.47,0,0
691,CASH_OUT,68330.04,C137900334,4031.0,0.0,C1389465715,0.0,68330.04,0,0
132,PAYMENT,42524.63,C277762417,0.0,0.0,M1058197048,0.0,0.0,0,0
181,CASH_OUT,251265.77,C1222586089,0.0,0.0,C1110193064,7681364.71,7932630.48,0,0
260,CASH_OUT,11190.87,C1637056759,0.0,0.0,C507083613,340644.28,351835.15,0,0
139,CASH_OUT,345527.5,C1723234895,0.0,0.0,C118922329,556369.96,919785.02,0,0
284,PAYMENT,1280.46,C1489448630,99449.0,98168.54,M1421992264,0.0,0.0,0,0
169,TRANSFER,978261.98,C1454479269,978261.98,0.0,C478742844,0.0,0.0,1,0
206,CASH_OUT,5903046.38,C452885423,5903046.38,0.0,C1697903765,0.0,5903046.38,1,0
43,CASH_OUT,182463.76,C1502985903,0.0,0.0,C2099298179,1363674.86,1546138.62,0,0
543,TRANSFER,57204.07,C2080854887,57204.07,0.0,C2001477258,0.0,0.0,1,0
401,CASH_OUT,511511.27,C96846519,1008.0,0.0,C574923296,0.0,511511.27,0,0
280,CASH_OUT,87581.3,C914092730,53917.0,0.0,C1158316568,1435321.57,1522902.86,0,0
375,CASH_IN,183523.34,C1660446658,2330134.34,2513657.68,C604527597,1257356.74,1314447.29,0,0
253,CASH_OUT,215693.27,C602641617,1089.0,0.0,C831729530,0.0,215693.27,0,0
207,PAYMENT,25493.11,C1698230506,4275.0,0.0,M1479611704,0.0,0.0,0,0
253,CASH_OUT,97133.15,C173702289,40090.0,0.0,C1036002532,2533067.87,2630201.02,0,0
255,PAYMENT,2876.97,C414088318,11584.0,8707.03,M1441600880,0.0,0.0,0,0
330,CASH_OUT,7614.01,C1644933118,1156.0,0.0,C1109664503,0.0,7614.01,0,0
129,TRANSFER,1641973.12,C807113460,10938.0,0.0,C1896804737,0.0,1641973.12,0,0
656,CASH_OUT,283121.68,C1974514643,283121.68,0.0,C474804465,77431.12,360552.79,1,0
228,CASH_OUT,128874.09,C1594907751,0.0,0.0,C270427800,620801.69,749675.77,0,0
133,CASH_OUT,24929.97,C180071016,0.0,0.0,C585575490,485800.52,510730.49,0,0
134,CASH_OUT,21162.32,C1369257662,0.0,0.0,C1129166440,955763.5,976925.82,0,0
181,PAYMENT,7143.95,C1560622090,0.0,0.0,M585077939,0.0,0.0,0,0
326,CASH_OUT,122777.64,C690125640,0.0,0.0,C50277960,1854326.69,1977104.33,0,0
187,CASH_OUT,158881.42,C1861566585,102297.0,0.0,C503988518,704346.2,863227.62,0,0
162,CASH_IN,183911.1,C1198376300,1166518.25,1350429.35,C1926916600,272259.31,88348.21,0,0
277,CASH_OUT,84163.59,C1684287908,20930.87,0.0,C1848067002,237482.57,321646.15,0,0
433,TRANSFER,5270.57,C1852767807,5270.57,0.0,C18879780,0.0,0.0,1,0
9,CASH_OUT,371625.12,C1264254236,343688.48,0.0,C1788384838,0.0,371625.12,0,0
654,TRANSFER,114627.08,C12780702,114627.08,0.0,C548495641,0.0,0.0,1,0
235,PAYMENT,13908.5,C1874865140,136.0,0.0,M1849527233,0.0,0.0,0,0
369,PAYMENT,24443.52,C372711233,106473.0,82029.48,M999582869,0.0,0.0,0,0
305,CASH_OUT,67011.18,C1156178577,0.0,0.0,C741546422,1953076.12,2020087.3,0,0
43,CASH_OUT,40717.07,C97568639,20229.0,0.0,C511231687,632507.42,673224.48,0,0
170,PAYMENT,20419.06,C2055858801,0.0,0.0,M415749563,0.0,0.0,0,0
592,PAYMENT,6301.76,C881127008,0.0,0.0,M1475788056,0.0,0.0,0,0
347,CASH_OUT,30774.97,C98062232,0.0,0.0,C2088714447,679576.36,710351.34,0,0
136,CASH_IN,168241.69,C893728357,1554831.36,1723073.05,C1705610675,4208927.83,4040686.14,0,0
483,TRANSFER,526119.49,C701300416,526119.49,0.0,C2001415186,0.0,0.0,1,0
20,CASH_OUT,232045.42,C27317715,0.0,0.0,C801777708,647066.3,879111.72,0,0
370,PAYMENT,30421.42,C270570494,164398.0,133976.58,M2115916038,0.0,0.0,0,0
322,PAYMENT,61415.35,C1645763538,0.0,0.0,M1801874362,0.0,0.0,0,0
274,CASH_OUT,2196.81,C1473175488,1649.0,0.0,C56781171,0.0,2196.81,0,0
354,PAYMENT,4430.54,C3600286,0.0,0.0,M1037431070,0.0,0.0,0,0
451,CASH_OUT,9265.43,C2101131639,9265.43,0.0,C1937187979,0.0,9265.43,1,0
226,CASH_IN,94776.34,C483143523,6535220.26,6629996.59,C1516328735,599098.87,504322.53,0,0
129,CASH_OUT,42430.22,C602990755,11356.0,0.0,C1008168506,0.0,42430.22,0,0
13,CASH_OUT,8154.71,C250787063,616617.54,608462.84,C641951312,356397.0,364551.71,0,0
153,TRANSFER,677715.42,C2032124178,193434.16,0.0,C464418115,1096042.17,1773757.59,0,0
40,TRANSFER,31930.24,C1311186566,31930.24,0.0,C1907577066,0.0,0.0,1,0
181,CASH_OUT,272590.53,C612735306,36106.83,0.0,C1323359894,1338095.26,1610685.79,0,0
164,CASH_OUT,10423.21,C1572070807,0.0,0.0,C368669329,7767714.88,7778138.09,0,0
234,TRANSFER,498104.69,C352046459,12187.0,0.0,C101338589,992647.53,1490752.21,0,0
404,CASH_IN,89532.69,C1932976945,14780.0,104312.69,C1337881881,0.0,0.0,0,0
718,TRANSFER,66941.04,C832223915,66941.04,0.0,C1284075607,0.0,0.0,1,0
32,TRANSFER,1164448.96,C107615831,1164448.96,0.0,C144473930,0.0,0.0,1,0
402,CASH_OUT,188621.35,C729273342,0.0,0.0,C54515159,373473.22,562094.57,0,0
39,CASH_OUT,30570.94,C1946383607,3018.0,0.0,C1741115613,0.0,30570.94,0,0
237,PAYMENT,887.43,C1846874682,0.0,0.0,M486005965,0.0,0.0,0,0
401,PAYMENT,1277.32,C802202633,115520.0,114242.68,M1754355636,0.0,0.0,0,0
201,PAYMENT,5169.04,C1380923078,319.0,0.0,M1791855937,0.0,0.0,0,0
355,PAYMENT,13130.61,C230454549,7838.63,0.0,M1403317662,0.0,0.0,0,0
236,PAYMENT,20229.19,C216999518,6537.0,0.0,M322077616,0.0,0.0,0,0
18,PAYMENT,7434.05,C1436816539,61310.0,53875.95,M1663894713,0.0,0.0,0,0
348,TRANSFER,2407821.76,C1467558219,0.0,0.0,C746503703,3851213.68,6259035.44,0,0
527,PAYMENT,4028.72,C380209444,194.0,0.0,M403483589,0.0,0.0,0,0
14,CASH_OUT,73188.6,C2015880565,0.0,0.0,C1880901678,208734.19,281922.78,0,0
36,PAYMENT,24651.82,C1401789635,0.0,0.0,M1417591434,0.0,0.0,0,0
346,PAYMENT,18236.49,C1045586312,0.0,0.0,M1270039370,0.0,0.0,0,0
35,TRANSFER,122032.62,C133342319,122032.62,0.0,C1919617921,0.0,0.0,1,0
64,TRANSFER,960306.85,C273631269,960306.85,0.0,C1035103148,0.0,0.0,1,0
332,CASH_IN,37730.87,C1046263291,242488.0,280218.87,C996040791,742481.86,704750.99,0,0
327,PAYMENT,25959.19,C1295315670,0.0,0.0,M2055731300,0.0,0.0,0,0
396,CASH_OUT,30620.09,C1385806927,0.0,0.0,C815234778,947105.9,977725.99,0,0
285,CASH_OUT,71727.78,C1147401696,0.0,0.0,C2082544841,2438396.08,2510123.86,0,0
133,CASH_IN,4398.3,C1668539064,643415.5,647813.8,C223749443,701004.19,1131732.31,0,0
12,PAYMENT,6661.27,C303864366,61600.0,54938.73,M533615183,0.0,0.0,0,0
688,CASH_OUT,318452.65,C1950554418,213.0,0.0,C316493015,46795.69,365248.34,0,0
259,CASH_OUT,234019.62,C1939901612,50375.0,0.0,C1003151239,0.0,398559.06,0,0
15,CASH_OUT,102695.01,C349955553,6103.0,0.0,C1480016213,0.0,102695.01,0,0
234,CASH_OUT,87956.98,C471248395,218394.0,130437.02,C2076844101,0.0,87956.98,0,0
262,PAYMENT,10078.7,C824071668,39806.0,29727.3,M937913628,0.0,0.0,0,0
172,TRANSFER,692984.55,C548545362,692984.55,0.0,C373573022,0.0,0.0,1,0
322,CASH_OUT,71459.27,C1175795549,1013.0,0.0,C1192169046,549869.85,621329.12,0,0
277,PAYMENT,33044.76,C527097300,0.0,0.0,M654356481,0.0,0.0,0,0
20,CASH_OUT,172877.94,C1537833640,48882.0,0.0,C2108770655,0.0,172877.94,0,0
19,CASH_OUT,31892.3,C362441080,99563.0,67670.7,C436738764,0.0,31892.3,0,0
288,PAYMENT,58143.04,C1744025534,10906.0,0.0,M795630359,0.0,0.0,0,0
139,PAYMENT,12963.04,C772692947,0.0,0.0,M2109427770,0.0,0.0,0,0
17,CASH_IN,216021.68,C203963314,100039.0,316060.68,C276629076,99103.91,0.0,0,0
140,CASH_IN,46343.09,C755860462,52616.0,98959.09,C183132748,66325.59,19982.5,0,0
264,CASH_IN,153280.85,C901925165,3358854.99,3512135.84,C199632272,996779.77,843498.93,0,0
206,PAYMENT,2901.96,C776180615,56324.0,53422.04,M2030050716,0.0,0.0,0,0
15,CASH_OUT,239594.55,C1442478451,16944.0,0.0,C478942396,1735991.09,1975585.64,0,0
38,CASH_IN,158250.87,C370288999,25556.0,183806.87,C296934942,4068.39,0.0,0,0
375,CASH_IN,235298.34,C240680885,17245649.7,17480948.04,C1742103946,290233.28,54934.93,0,0
331,CASH_IN,246334.55,C2009032412,10203.0,256537.55,C1695758660,380518.03,134183.47,0,0
210,CASH_OUT,138807.08,C494563356,399079.58,260272.49,C2110675369,1177911.56,1316718.64,0,0
6,TRANSFER,30521.02,C903383636,30521.02,0.0,C904300960,0.0,0.0,1,0
137,CASH_OUT,353099.07,C1436684493,0.0,0.0,C435527365,3294274.07,3271615.27,0,0
129,CASH_IN,240948.07,C2126134434,10188507.04,10429455.11,C377142442,608405.66,367457.59,0,0
179,CASH_OUT,470644.7,C2042555031,214.0,0.0,C2002969368,255565.97,726210.67,0,0
137,CASH_IN,44045.26,C151195261,6391721.39,6435766.65,C12810170,235261.85,191216.6,0,0
43,CASH_IN,34974.96,C451891538,0.0,34974.96,C1016549218,210216.58,171994.12,0,0
402,PAYMENT,25196.24,C2015273941,364838.19,339641.94,M121656040,0.0,0.0,0,0
731,CASH_OUT,302227.56,C1814350435,302227.56,0.0,C51409599,1125769.87,1427997.43,1,0
139,CASH_OUT,212572.81,C1425054307,70594.0,0.0,C224242445,90360.19,302933.0,0,0
23,PAYMENT,8899.74,C2071054072,60854.0,51954.26,M1359535899,0.0,0.0,0,0
142,CASH_OUT,178909.88,C1668654379,6349.0,0.0,C1140617326,246441.25,425351.13,0,0
379,CASH_OUT,180595.15,C62655005,0.0,0.0,C441566137,604123.61,784718.76,0,0
161,CASH_IN,99218.65,C1210315213,219780.93,318999.58,C171730324,2538447.56,2439228.91,0,0
326,CASH_OUT,115430.2,C243262278,0.0,0.0,C692149985,213219.87,328650.07,0,0
137,PAYMENT,12721.57,C1032132468,304282.0,291560.43,M1753162292,0.0,0.0,0,0
228,CASH_IN,174023.57,C1727587011,9091211.01,9265234.59,C140909631,697484.67,523461.1,0,0
710,PAYMENT,12591.76,C2045841835,50393.0,37801.24,M1281013906,0.0,0.0,0,0
166,CASH_OUT,124361.42,C538093890,0.0,0.0,C729923599,165584.15,289945.57,0,0
39,PAYMENT,12398.83,C2026874448,16968.0,4569.17,M2070903967,0.0,0.0,0,0
228,PAYMENT,1467.06,C2067772606,0.0,0.0,M632579363,0.0,0.0,0,0
283,CASH_OUT,175609.95,C1509402091,10382.0,0.0,C1249370530,0.0,175609.95,0,0
283,CASH_IN,127752.21,C489238795,11351.0,139103.21,C567974395,34657.19,0.0,0,0
136,TRANSFER,1142630.4,C887756493,0.0,0.0,C1648974161,9299230.06,10441860.46,0,0
601,CASH_OUT,1054244.29,C1851065642,1054244.29,0.0,C359107555,944153.97,1998398.26,1,0
407,PAYMENT,290.42,C198804128,0.0,0.0,M918929929,0.0,0.0,0,0
422,TRANSFER,40591.72,C1817821840,40591.72,0.0,C1446237995,0.0,0.0,1,0
251,CASH_OUT,19798.01,C1072352910,0.0,0.0,C599037286,2337640.57,2357438.57,0,0
608,CASH_IN,393304.64,C175088142,1634297.46,2027602.09,C1100202829,671839.45,278534.81,0,0
161,CASH_OUT,57609.85,C1721939920,0.0,0.0,C1187371478,101361.11,158970.96,0,0
236,PAYMENT,3028.35,C887044836,31480.0,28451.65,M929082946,0.0,0.0,0,0
19,CASH_IN,3001.14,C569206593,22310615.81,22313616.95,C2028996614,12167.63,0.0,0,0
565,CASH_OUT,112958.85,C507000655,112958.85,0.0,C2018087281,159150.2,272109.05,1,0
256,CASH_IN,270333.38,C189346237,4228778.91,4499112.28,C1853214491,1663873.51,1393540.14,0,0
138,CASH_OUT,38863.87,C390568283,31185.0,0.0,C7822726,21113.98,59977.86,0,0
596,CASH_OUT,38005.9,C1506659176,0.0,0.0,C73655774,1896023.65,1934029.54,0,0
305,CASH_IN,262354.25,C1504687602,20002.0,282356.25,C1941410386,461270.08,198915.83,0,0
236,CASH_OUT,99453.97,C723503012,0.0,0.0,C545827266,281708.27,381162.24,0,0
346,CASH_OUT,353191.93,C2013486753,67165.0,0.0,C189009195,18840.61,372032.53,0,0
145,CASH_OUT,81136.1,C1638565334,11376.0,0.0,C1137593369,989760.67,1070896.77,0,0
48,PAYMENT,1645.84,C1141893870,20631.01,18985.17,M714316677,0.0,0.0,0,0
163,CASH_OUT,194696.25,C2106411858,0.0,0.0,C1180234754,480341.37,675037.62,0,0
328,CASH_OUT,156710.43,C1569988961,0.0,0.0,C1046504178,3473118.99,3629829.41,0,0
323,PAYMENT,32979.4,C1914188312,15757.0,0.0,M1508371410,0.0,0.0,0,0
345,PAYMENT,22560.74,C234839909,278722.0,256161.26,M258796616,0.0,0.0,0,0
97,TRANSFER,5624.02,C1921410624,5624.02,0.0,C994730180,0.0,0.0,1,0
36,CASH_OUT,39720.89,C660430408,4041.0,0.0,C1874784564,124878.09,173574.69,0,0
142,PAYMENT,12746.29,C1558357148,20948.0,8201.71,M1734067262,0.0,0.0,0,0
281,CASH_OUT,97131.08,C1718251014,0.0,0.0,C1854923668,578533.71,675664.79,0,0
407,PAYMENT,2181.39,C935221334,0.0,0.0,M401207159,0.0,0.0,0,0
401,CASH_IN,117479.02,C1786908428,1887357.67,2004836.68,C1686970034,8238939.5,8121460.48,0,0
332,CASH_IN,60113.44,C912333238,11491617.23,11551730.67,C839978447,1168743.16,697357.79,0,0
256,CASH_OUT,76666.32,C1481354495,0.0,0.0,C1249610017,5026253.2,5102919.52,0,0
191,PAYMENT,9637.97,C735695684,54757.36,45119.39,M648215590,0.0,0.0,0,0
347,CASH_IN,89070.75,C1945704364,12606763.03,12695833.79,C1247715599,268751.48,179680.72,0,0
278,CASH_OUT,167937.17,C1207582233,0.0,0.0,C533381560,756586.17,924523.33,0,0
349,CASH_OUT,153639.25,C1062906768,0.0,0.0,C1013578202,279882.36,433521.62,0,0
17,CASH_OUT,71240.71,C711486939,0.0,0.0,C1860834663,762917.82,834158.53,0,0
355,TRANSFER,42483.97,C1483983582,42483.97,0.0,C1385439300,0.0,0.0,1,0
522,PAYMENT,9592.44,C928004584,176642.57,167050.13,M1031171940,0.0,0.0,0,0
39,PAYMENT,978.57,C881145837,0.0,0.0,M877688662,0.0,0.0,0,0
158,PAYMENT,19205.07,C1715774556,0.0,0.0,M376392969,0.0,0.0,0,0
202,PAYMENT,2061.34,C447729657,0.0,0.0,M1149706728,0.0,0.0,0,0
160,TRANSFER,1383850.52,C2137375755,0.0,0.0,C957666777,4715435.83,6099286.35,0,0
306,CASH_OUT,392855.61,C1396265619,0.0,0.0,C1411143721,2545612.11,2382750.13,0,0
205,PAYMENT,2929.18,C261352359,121645.84,118716.66,M441085872,0.0,0.0,0,0
135,PAYMENT,47243.02,C831156395,877.0,0.0,M2036982508,0.0,0.0,0,0
574,CASH_IN,27186.14,C2063538028,5956980.9,5984167.05,C1307980446,188100.18,160914.04,0,0
353,PAYMENT,1466.01,C1387838623,55933.48,54467.47,M379137070,0.0,0.0,0,0
138,CASH_OUT,289357.5,C792238885,50598.0,0.0,C1114893474,645983.15,935340.66,0,0
131,TRANSFER,372769.23,C5374327,0.0,0.0,C2107867745,2391788.47,2764557.7,0,0
249,TRANSFER,250304.86,C1845184622,31833.0,0.0,C644578945,0.0,250304.86,0,0
186,CASH_OUT,230739.14,C1840967401,3126.0,0.0,C158501828,0.0,230739.14,0,0
204,PAYMENT,785.89,C122140601,16215.0,15429.11,M741477117,0.0,0.0,0,0
163,CASH_OUT,284709.36,C1082620638,62091.0,0.0,C1842002222,436983.56,721692.91,0,0
10,PAYMENT,12798.8,C1018179949,51726.0,38927.2,M1915131450,0.0,0.0,0,0
182,CASH_OUT,270417.12,C1303222256,0.0,0.0,C1215309598,575972.93,846390.05,0,0
310,CASH_IN,313982.99,C1307346041,222105.0,536087.99,C79355312,0.0,0.0,0,0
160,PAYMENT,6654.56,C1637364790,104427.0,97772.44,M1972914222,0.0,0.0,0,0
234,CASH_IN,217801.95,C623464982,31212.0,249013.95,C1300068206,113785.61,0.0,0,0
380,TRANSFER,382536.96,C1684486511,0.0,0.0,C172198136,1630537.28,2013074.24,0,0
9,CASH_IN,304481.92,C478037563,6420873.02,6725354.94,C1867893045,476079.57,0.0,0,0
565,TRANSFER,1376537.73,C363452163,463.0,0.0,C1036783194,330705.72,1707243.45,0,0
157,TRANSFER,735787.92,C586622270,11245.0,0.0,C1689920466,249044.13,1186180.2,0,0
400,DEBIT,1182.16,C867818071,70345.0,69162.84,C1035276006,100196.89,101379.05,0,0
35,PAYMENT,8265.72,C573937026,916989.04,908723.32,M1955032109,0.0,0.0,0,0
354,PAYMENT,24551.98,C358459209,37141.0,12589.02,M1914258206,0.0,0.0,0,0
528,CASH_OUT,311234.46,C1795452410,311234.46,0.0,C1484612212,978976.44,1290210.9,1,0
134,CASH_OUT,33041.61,C1038033544,90481.0,57439.39,C1862287472,0.0,33041.61,0,0
42,CASH_OUT,1566057.28,C1496808239,1566057.28,0.0,C737489499,0.0,1566057.28,1,0
398,CASH_OUT,57155.95,C1101378336,41993.0,0.0,C1982853354,0.0,57155.95,0,0
331,PAYMENT,17953.1,C315772317,70292.0,52338.9,M1206079569,0.0,0.0,0,0
182,PAYMENT,5577.24,C228461456,0.0,0.0,M936018009,0.0,0.0,0,0
331,CASH_OUT,259569.72,C1728198094,106522.0,0.0,C1567091390,653710.19,913279.91,0,0
205,PAYMENT,5114.86,C678534158,4524.26,0.0,M2042397732,0.0,0.0,0,0
15,PAYMENT,7449.07,C1446632696,18495.0,11045.93,M734547205,0.0,0.0,0,0
16,DEBIT,3622.41,C1454720467,35506.0,31883.59,C1382364538,59868.0,63490.41,0,0
18,CASH_OUT,216469.54,C42262566,5667.0,0.0,C1716641469,1556511.93,1401703.56,0,0
648,CASH_OUT,774868.1,C1516959235,774868.1,0.0,C1812639726,131877.41,906745.51,1,0
690,CASH_OUT,101081.94,C308522170,0.0,0.0,C573800428,889477.13,990559.07,0,0
250,CASH_IN,450553.19,C1981074252,26609.0,477162.19,C1516538015,49387.33,0.0,0,0
257,CASH_OUT,173525.15,C1158521939,121660.0,0.0,C1385295807,0.0,173525.15,0,0
357,CASH_OUT,104147.24,C1657455113,176344.0,72196.76,C819382970,217798.47,321945.71,0,0
160,CASH_OUT,548161.93,C2011336849,548161.93,0.0,C966258334,443736.12,991898.05,1,0
335,CASH_OUT,195962.02,C608912744,0.0,0.0,C2007105170,336162.21,532124.24,0,0
393,CASH_OUT,249006.73,C1547224494,52180.0,0.0,C1315040251,0.0,249006.73,0,0
132,CASH_OUT,191684.07,C205291916,79161.0,0.0,C1321624833,0.0,191684.07,0,0
717,CASH_OUT,173372.14,C2091431134,133591.0,0.0,C785913709,166733.44,340105.58,0,0
156,CASH_IN,231213.33,C1759789060,13921895.33,14153108.66,C1987226700,469824.62,238611.29,0,0
503,CASH_OUT,251683.05,C1957817562,251683.05,0.0,C1713552362,0.0,251683.05,1,0
161,PAYMENT,20125.27,C1420774274,158930.51,138805.24,M1343400708,0.0,0.0,0,0
403,PAYMENT,8109.99,C1568748381,0.0,0.0,M1680915541,0.0,0.0,0,0
563,PAYMENT,13129.42,C2074423006,19674.0,6544.58,M1846231674,0.0,0.0,0,0
44,CASH_OUT,44571.94,C330892703,44571.94,0.0,C648682751,11984.0,0.0,1,0
256,CASH_OUT,177679.22,C2019767124,101116.07,0.0,C80018158,3065244.11,3242923.32,0,0
227,CASH_OUT,254445.74,C1137353548,0.0,0.0,C903757217,2303068.16,2557513.9,0,0
253,CASH_OUT,21818.56,C754308312,0.0,0.0,C699141456,1762708.77,1784527.32,0,0
379,PAYMENT,28214.32,C28661636,144.0,0.0,M1296812245,0.0,0.0,0,0
8,PAYMENT,10285.83,C1511386192,10099.0,0.0,M1576221393,0.0,0.0,0,0
130,PAYMENT,25104.67,C1092726851,0.0,0.0,M716888336,0.0,0.0,0,0
520,CASH_OUT,1459180.14,C1825598858,1459180.14,0.0,C1736623686,1120598.68,2579778.81,1,0
39,CASH_OUT,145395.21,C1184171268,0.0,0.0,C518962965,1581065.35,1662324.13,0,0
304,CASH_IN,498002.48,C1725836508,12113.0,510115.48,C657471924,0.0,0.0,0,0
131,CASH_OUT,282507.45,C2143656050,0.0,0.0,C1103741516,585613.36,868120.81,0,0
38,CASH_IN,137245.22,C988310055,6121997.2,6259242.42,C1009459055,623271.1,407300.32,0,0
406,TRANSFER,126192.63,C1857315349,126192.63,0.0,C1301744071,0.0,0.0,1,0
355,CASH_IN,78205.45,C445349382,9982879.14,10061084.59,C1195973255,104697.39,26491.94,0,0
126,CASH_OUT,1244037.74,C798134746,1244037.74,0.0,C303070069,0.0,1244037.74,1,0
440,TRANSFER,10000000.0,C511044281,11912961.16,1912961.16,C2122549663,0.0,0.0,1,0
122,CASH_OUT,355832.18,C348049773,355832.18,0.0,C1765590670,92057.45,447889.63,1,0
166,CASH_OUT,204951.37,C1892844368,204951.37,0.0,C1878476397,1901998.22,2106949.59,1,0
211,TRANSFER,942770.21,C1469925553,0.0,0.0,C1007655980,1037855.36,1980625.57,0,0
206,TRANSFER,990630.25,C185633643,990630.25,0.0,C125986945,0.0,0.0,1,0
394,CASH_OUT,135613.82,C1370210339,0.0,0.0,C1959685704,315835.66,451449.48,0,0
546,TRANSFER,99656.93,C322712513,99656.93,0.0,C1339104095,0.0,0.0,1,0
42,CASH_IN,321266.61,C712799919,1502.0,322768.61,C206958485,722835.46,401568.85,0,0
274,CASH_IN,41469.83,C2076188326,22362.0,63831.83,C824944063,1803132.49,1761662.65,0,0
299,TRANSFER,1150561.97,C817857207,1150561.97,0.0,C1094225384,0.0,0.0,1,0
38,PAYMENT,6470.84,C267250855,313530.0,307059.16,M926979459,0.0,0.0,0,0
14,TRANSFER,2093951.47,C1374377088,2093951.47,0.0,C207611232,0.0,0.0,1,0
393,CASH_OUT,270501.85,C1216194552,92850.52,0.0,C2116302485,2833135.84,3103637.68,0,0
184,CASH_OUT,44677.8,C1940948378,0.0,0.0,C689394834,3643741.62,3688419.42,0,0
255,PAYMENT,5045.94,C1484189346,4510.0,0.0,M1409587789,0.0,0.0,0,0
301,CASH_OUT,27144.89,C2109923570,20143.0,0.0,C2001209588,4510897.44,4538042.33,0,0
405,CASH_OUT,51538.83,C2108646120,12052.1,0.0,C969129764,2063325.26,2114864.09,0,0
334,PAYMENT,14378.62,C128819101,15068.0,689.38,M1524025736,0.0,0.0,0,0
140,PAYMENT,10364.18,C1036234996,27105.0,16740.82,M294384684,0.0,0.0,0,0
279,CASH_OUT,315669.19,C399911728,0.0,0.0,C999770370,2661841.25,2977510.44,0,0
198,CASH_OUT,7197532.27,C1876397453,7197532.27,0.0,C399465917,123909.1,7321441.37,1,0
205,PAYMENT,16654.82,C303797216,360332.0,343677.18,M805299180,0.0,0.0,0,0
17,PAYMENT,4288.56,C1563555474,0.0,0.0,M1231709302,0.0,0.0,0,0
235,TRANSFER,79447.48,C1617663276,1480.04,0.0,C433769363,432298.01,511745.5,0,0
9,CASH_OUT,274421.39,C352550134,240685.02,0.0,C651127138,0.0,76549.54,0,0
19,PAYMENT,14218.87,C962696377,1355184.39,1340965.52,M2051034436,0.0,0.0,0,0
42,PAYMENT,5809.71,C1631929551,28331.0,22521.29,M814780637,0.0,0.0,0,0
236,PAYMENT,17085.92,C1300911598,0.0,0.0,M614082171,0.0,0.0,0,0
258,PAYMENT,7588.22,C655445820,105532.0,97943.78,M64800575,0.0,0.0,0,0
476,CASH_OUT,1048.63,C82858527,1048.63,0.0,C390897002,62895.35,63943.98,1,0
18,CASH_OUT,54473.58,C1812319914,5136.0,0.0,C189107915,0.0,54473.58,0,0
275,CASH_OUT,368112.14,C865641513,0.0,0.0,C976799372,528108.93,896221.07,0,0
283,PAYMENT,7880.45,C1561725304,468300.02,460419.57,M862584700,0.0,0.0,0,0
326,PAYMENT,14513.47,C1611219,27635.63,13122.16,M795526194,0.0,0.0,0,0
183,PAYMENT,4225.86,C421609967,15320.0,11094.14,M1710297460,0.0,0.0,0,0
396,PAYMENT,51677.39,C1991716091,68316.39,16639.0,M478610105,0.0,0.0,0,0
303,CASH_IN,160852.0,C1032269703,1011950.91,1172802.92,C1076769098,1128011.79,967159.79,0,0
299,CASH_OUT,82465.77,C67220115,0.0,0.0,C878937621,222489.56,304955.32,0,0
305,PAYMENT,5224.12,C1966496173,0.0,0.0,M553497943,0.0,0.0,0,0
331,CASH_IN,199987.21,C2055292186,165629.77,365616.99,C1864724738,486669.49,286682.28,0,0
135,TRANSFER,107231.35,C896720035,2821.0,0.0,C1163988187,150421.35,257652.7,0,0
173,CASH_OUT,364333.03,C1289446218,364333.03,0.0,C99354775,0.0,364333.03,1,0
20,TRANSFER,448025.06,C1976637754,448025.06,0.0,C4020115,0.0,0.0,1,0
138,CASH_OUT,308957.34,C1518129621,0.0,0.0,C1843635353,1578159.12,1887116.46,0,0
14,CASH_IN,190513.65,C753413230,14145029.89,14335543.54,C127603608,1539349.7,1299246.32,0,0
203,CASH_OUT,258275.82,C1762964204,44662.0,0.0,C1213061372,0.0,258275.82,0,0
410,TRANSFER,557950.06,C1892460908,557950.06,0.0,C872133707,0.0,0.0,1,0
131,CASH_IN,77571.04,C1637074044,17958498.18,18036069.22,C1874526936,572555.19,494984.15,0,0
284,PAYMENT,48642.52,C210497635,0.0,0.0,M200345956,0.0,0.0,0,0
40,TRANSFER,1218566.45,C864159200,0.0,0.0,C681979935,2236498.16,3455064.6,0,0
354,CASH_OUT,137347.22,C533622798,0.0,0.0,C568463459,1907881.48,2045228.69,0,0
131,CASH_OUT,152150.0,C1958884748,118.0,0.0,C1059597421,0.0,288787.91,0,0
186,CASH_OUT,131328.02,C1584469773,0.0,0.0,C604385246,426197.92,557525.94,0,0
657,TRANSFER,2333929.91,C178173239,2333929.91,0.0,C271271665,0.0,0.0,1,0
355,PAYMENT,22383.79,C841095249,114038.86,91655.07,M77556485,0.0,0.0,0,0
201,CASH_OUT,281368.31,C201701318,0.0,0.0,C929266212,7148664.76,7430033.07,0,0
401,TRANSFER,128648.64,C1862202115,264924.0,136275.36,C2108309081,206248.33,334896.98,0,0
375,PAYMENT,35410.38,C958198405,2715.0,0.0,M1595173047,0.0,0.0,0,0
411,TRANSFER,365069.45,C337746955,365069.45,0.0,C1144989996,0.0,0.0,1,0
350,CASH_OUT,56710.94,C753943164,0.0,0.0,C854783314,70599.35,127310.3,0,0
139,CASH_OUT,50918.12,C499476435,0.0,0.0,C2125598962,349836.39,400754.51,0,0
234,PAYMENT,4692.54,C1075485495,6730.53,2037.99,M1722932411,0.0,0.0,0,0
15,TRANSFER,354780.8,C184692992,0.0,0.0,C833463550,1753209.1,1884034.08,0,0
453,TRANSFER,2600970.32,C897190163,2600970.32,0.0,C2117423610,0.0,0.0,1,0
228,CASH_IN,564044.73,C990211561,102781.0,666825.73,C259542205,842667.52,278622.8,0,0
330,CASH_IN,192283.03,C841102322,2581746.47,2774029.5,C770286848,994941.02,802657.99,0,0
375,CASH_IN,65475.52,C618436691,39004.0,104479.52,C861003200,1712655.3,1647179.78,0,0
727,TRANSFER,263401.81,C806437930,263401.81,0.0,C1469754483,0.0,0.0,1,0
402,CASH_OUT,58886.38,C1089292615,0.0,0.0,C250703014,264754.15,323640.53,0,0
210,PAYMENT,4981.65,C896340765,967.0,0.0,M527917516,0.0,0.0,0,0
19,CASH_OUT,290531.59,C1282364711,0.0,0.0,C1666572538,516540.97,807072.56,0,0
162,PAYMENT,3662.02,C2101550284,26663.85,23001.84,M1047565038,0.0,0.0,0,0
404,PAYMENT,8293.94,C2068400070,14265.33,5971.39,M732155833,0.0,0.0,0,0
373,PAYMENT,8369.1,C1783888957,0.0,0.0,M391678895,0.0,0.0,0,0
259,CASH_OUT,312218.57,C2041715321,54991.0,0.0,C275276499,978814.47,1291033.04,0,0
133,TRANSFER,16274.51,C532758162,16274.51,0.0,C1844648753,0.0,0.0,1,0
164,PAYMENT,16583.15,C1450047728,42597.47,26014.32,M1792321238,0.0,0.0,0,0
286,CASH_OUT,104731.78,C1827612318,0.0,0.0,C1135103931,354942.36,459674.14,0,0
231,TRANSFER,1389417.5,C562051178,0.0,0.0,C186447316,9416704.61,10806122.11,0,0
289,TRANSFER,3374.25,C32426691,3374.25,0.0,C1088091066,0.0,0.0,1,0
272,CASH_OUT,177022.52,C255226263,177022.52,0.0,C670534331,769094.97,946117.49,1,0
393,CASH_IN,26489.03,C1209822754,77230.0,103719.03,C1683565530,0.0,0.0,0,0
238,TRANSFER,10000000.0,C1028530067,15274773.52,5274773.52,C1390461904,0.0,0.0,1,0
16,CASH_OUT,31074.0,C2073757635,31074.0,0.0,C1899325653,0.0,31074.0,1,0
544,PAYMENT,22471.5,C4895825,0.0,0.0,M1431963625,0.0,0.0,0,0
35,CASH_OUT,143807.72,C835941232,11370.0,0.0,C1821339459,0.0,143807.72,0,0
423,CASH_OUT,307517.01,C889830597,31382.0,0.0,C1776386617,0.0,307517.01,0,0
665,TRANSFER,290491.12,C1428518412,290491.12,0.0,C875460350,0.0,0.0,1,0
358,DEBIT,6370.82,C1877885139,0.0,0.0,C2142912369,68077.91,74448.73,0,0
331,PAYMENT,9019.86,C1968309703,0.0,0.0,M1086856085,0.0,0.0,0,0
284,TRANSFER,13100458.52,C2056824402,0.0,0.0,C140277928,17607941.99,30708400.51,0,0
375,PAYMENT,14389.04,C1473455427,5932.0,0.0,M1953822998,0.0,0.0,0,0
253,CASH_OUT,197158.11,C472301780,0.0,0.0,C340686018,314079.1,511237.21,0,0
378,CASH_OUT,98493.06,C2092497004,31948.0,0.0,C810232019,28300.87,126793.93,0,0
133,TRANSFER,444664.91,C555672552,0.0,0.0,C482352198,3577948.54,4022613.45,0,0
178,TRANSFER,119515.59,C621058647,0.0,0.0,C110157441,509996.12,629511.71,0,0
308,TRANSFER,178180.03,C1660149357,178180.03,0.0,C1502223655,0.0,0.0,1,0
226,PAYMENT,27569.86,C1711696055,87649.67,60079.82,M328852556,0.0,0.0,0,0
307,CASH_OUT,88567.07,C412707666,6065.0,0.0,C1741968518,0.0,88567.07,0,0
203,CASH_IN,363895.33,C2025350745,872559.98,1236455.31,C1131598694,1611541.05,1260590.81,0,0
375,CASH_OUT,203188.51,C772683411,0.0,0.0,C448271087,4900014.68,5103203.19,0,0
383,TRANSFER,167907.12,C964428747,167907.12,0.0,C455719432,0.0,0.0,1,0
304,CASH_OUT,142222.31,C2068752730,745.0,0.0,C7774683,2829374.46,2971596.77,0,0
444,CASH_OUT,3752520.6,C1674281831,3752520.6,0.0,C590901753,1255946.49,5008467.09,1,0
135,PAYMENT,5305.0,C813779335,85109.0,79804.0,M1215966696,0.0,0.0,0,0
209,PAYMENT,4754.55,C1309358548,133238.07,128483.53,M147493728,0.0,0.0,0,0
331,PAYMENT,24767.95,C504050116,0.0,0.0,M1300593414,0.0,0.0,0,0
253,CASH_OUT,316304.42,C1924650381,0.0,0.0,C436826964,360473.75,676778.17,0,0
397,CASH_OUT,46864.64,C301006692,12971.0,0.0,C1772760645,4044306.11,4091170.75,0,0
259,CASH_OUT,194533.24,C922809303,167034.0,0.0,C1711745717,16411.7,210944.94,0,0
402,CASH_OUT,303012.75,C1820025901,41769.0,0.0,C522441207,236272.67,539285.43,0,0
43,CASH_OUT,97279.76,C1803988709,0.0,0.0,C509178398,960975.68,1058255.43,0,0
23,CASH_OUT,146127.1,C785373587,146127.1,0.0,C1824914593,177874.39,324001.49,1,0
297,PAYMENT,35820.38,C217972402,25410.94,0.0,M1316545277,0.0,0.0,0,0
351,CASH_OUT,31949.68,C1476611837,0.0,0.0,C90464227,52969.11,84918.79,0,0
43,CASH_OUT,29988.0,C756162144,29988.0,0.0,C1734856260,0.0,29988.0,1,0
283,CASH_OUT,127233.26,C597092296,167897.0,40663.74,C1212260467,847779.33,975012.59,0,0
236,CASH_OUT,92208.89,C1508455631,0.0,0.0,C1636888619,361593.67,453802.55,0,0
259,PAYMENT,8592.36,C2015633959,101255.0,92662.64,M1902711103,0.0,0.0,0,0
21,CASH_OUT,7747.68,C629861507,24366.0,16618.32,C1126250705,0.0,7747.68,0,0
589,CASH_IN,344391.31,C1331206955,618390.42,962781.73,C844286980,1700703.18,1356311.87,0,0
18,PAYMENT,6699.95,C258149565,0.0,0.0,M1056899820,0.0,0.0,0,0
252,CASH_IN,435967.81,C254547593,10469.0,446436.81,C900439365,97486.1,303302.27,0,0
278,CASH_OUT,108182.92,C347529004,113361.41,5178.49,C1104088777,310153.19,418336.11,0,0
248,CASH_OUT,4011314.1,C511866589,4011314.1,0.0,C485003808,229237.42,4240551.52,1,0
570,CASH_OUT,1021194.38,C1020706862,1021194.38,0.0,C197568140,0.0,1021194.38,1,0
691,CASH_IN,155336.26,C43434771,1444815.5,1600151.76,C1023879244,1740733.89,1585397.62,0,0
354,CASH_OUT,315400.21,C498276481,462158.0,146757.79,C714748478,1664015.74,1979415.95,0,0
282,CASH_IN,210231.54,C1574903237,4505949.7,4716181.24,C603624975,1068549.84,858318.3,0,0
354,PAYMENT,5815.27,C1214210534,2031.0,0.0,M1706260331,0.0,0.0,0,0
261,PAYMENT,10150.01,C1353076420,14640.0,4489.99,M1710431522,0.0,0.0,0,0
306,CASH_IN,17386.56,C374610911,19810.0,37196.56,C1273585277,2208177.22,2190790.66,0,0
138,CASH_IN,150170.63,C1971858340,37898.0,188068.63,C81650808,200839.02,50668.39,0,0
163,TRANSFER,1513243.36,C83395406,0.0,0.0,C646059443,6595131.63,8108374.99,0,0
687,CASH_OUT,262829.35,C1461773299,107852.0,0.0,C1930234149,229202.38,492031.73,0,0
252,CASH_IN,300331.09,C602159635,831.0,301162.09,C1745415531,360433.36,60102.27,0,0
186,CASH_OUT,153420.47,C336669982,0.0,0.0,C1674223974,280199.64,433620.12,0,0
13,PAYMENT,31177.29,C1003743187,20467.0,0.0,M2030425818,0.0,0.0,0,0
574,CASH_OUT,129123.68,C170687752,0.0,0.0,C186352647,5777071.1,5906194.78,0,0
326,CASH_OUT,424962.9,C191725289,424962.9,0.0,C1157386392,322327.23,747290.13,1,0
210,PAYMENT,2441.91,C1483823180,50.0,0.0,M1154091458,0.0,0.0,0,0
302,CASH_IN,353602.78,C912054328,6707938.95,7061541.73,C1396789901,3025650.6,2672047.82,0,0
265,PAYMENT,2501.17,C357011263,16042.0,13540.83,M952425093,0.0,0.0,0,0
345,CASH_OUT,166271.16,C656954866,166271.16,0.0,C1289924528,971534.25,1137805.42,1,0
15,CASH_OUT,21917.55,C455535468,119731.0,97813.45,C1525346556,0.0,21917.55,0,0
228,PAYMENT,2354.86,C286080472,0.0,0.0,M919018812,0.0,0.0,0,0
212,CASH_OUT,13330.81,C1625181230,137.0,0.0,C1699467599,754008.25,767339.06,0,0
136,PAYMENT,6624.04,C332074250,0.0,0.0,M704306387,0.0,0.0,0,0
38,PAYMENT,38699.72,C304759903,0.0,0.0,M818440795,0.0,0.0,0,0
395,CASH_IN,664107.09,C822416636,283397.75,947504.84,C2067982571,13201171.89,12537064.8,0,0
359,PAYMENT,3297.65,C442893963,748092.0,744794.35,M883887337,0.0,0.0,0,0
352,PAYMENT,3828.3,C836170561,8448.0,4619.7,M910809432,0.0,0.0,0,0
309,TRANSFER,222694.08,C711809884,222694.08,0.0,C1914647954,0.0,0.0,1,0
300,PAYMENT,63725.89,C2080627783,0.0,0.0,M610634999,0.0,0.0,0,0
43,PAYMENT,8313.57,C310065302,155778.44,147464.87,M934338114,0.0,0.0,0,0
184,CASH_OUT,67662.4,C561191039,0.0,0.0,C1002057900,630709.83,698372.23,0,0
212,CASH_OUT,555574.92,C857225298,555574.92,0.0,C1399829166,4271280.57,4826855.5,1,0
576,TRANSFER,511389.5,C1343655030,511389.5,0.0,C1411383152,0.0,0.0,1,0
271,CASH_OUT,642364.74,C790384924,642364.74,0.0,C348795905,0.0,642364.74,1,0
373,TRANSFER,1149011.85,C1380847077,20191.0,0.0,C157452462,4302362.2,5306144.71,0,0
280,CASH_IN,182255.1,C1281406731,703852.64,886107.75,C1601248950,1243530.99,1061275.89,0,0
163,CASH_OUT,288426.38,C46875839,40404.0,0.0,C911119945,0.0,288426.38,0,0
688,CASH_OUT,735329.1,C2010603777,735329.1,0.0,C375961798,0.0,735329.1,1,0
210,TRANSFER,898215.05,C352780694,0.0,0.0,C2057373594,2181097.42,3079312.47,0,0
212,CASH_IN,307743.49,C2033524667,495278.0,803021.49,C685054171,147176.07,0.0,0,0
180,CASH_IN,41753.43,C2136033461,4084245.46,4125998.88,C1663179076,46120.23,32123.75,0,0
228,CASH_IN,40366.63,C1557913253,31407.0,71773.63,C1557081111,1193248.79,1152882.16,0,0
372,CASH_OUT,72804.12,C1691861465,0.0,0.0,C1836762631,6118401.61,6191205.73,0,0
307,PAYMENT,31281.24,C758493227,0.0,0.0,M898863174,0.0,0.0,0,0
233,CASH_OUT,315157.59,C783133445,108469.0,0.0,C378219110,122559.7,437717.29,0,0
347,PAYMENT,13359.54,C1996397932,0.0,0.0,M113975436,0.0,0.0,0,0
352,CASH_OUT,83140.24,C113216407,0.0,0.0,C1818087810,6612763.68,6695903.93,0,0
331,PAYMENT,754.74,C150284113,49796.0,49041.26,M1065849607,0.0,0.0,0,0
36,CASH_OUT,234377.29,C1737133410,0.0,0.0,C877378703,34937.86,269315.15,1,0
279,TRANSFER,98897.07,C1819955276,98897.07,0.0,C1376329806,0.0,0.0,1,0
372,CASH_OUT,36542.53,C1356067194,0.0,0.0,C838280594,108635.49,145178.02,0,0
485,CASH_OUT,3351304.78,C1558861751,3351304.78,0.0,C939990653,299999.02,3651303.79,1,0
209,CASH_OUT,258148.36,C801522900,1644.0,0.0,C542186482,109307.44,367455.8,0,0
333,CASH_IN,137019.19,C275675714,1211616.99,1348636.18,C85246521,313593.99,176574.79,0,0
159,TRANSFER,22947.71,C1973656723,0.0,0.0,C357044672,2463383.14,2486330.84,0,0
500,CASH_OUT,21832.43,C1802633720,21832.43,0.0,C1187210067,36801.19,58633.62,1,0
21,CASH_OUT,5892.36,C245784722,10902.0,5009.64,C1537273901,80802.8,86695.17,0,0
13,CASH_IN,200681.15,C973752217,4001896.89,4202578.04,C272581853,299069.7,98388.56,0,0
40,PAYMENT,3016.81,C1372512619,85013.38,81996.58,M1486878796,0.0,0.0,0,0
207,CASH_OUT,66726.46,C1957041187,0.0,0.0,C1239826343,4907118.78,4973845.24,0,0
162,CASH_IN,465828.89,C1817636474,652.0,466480.89,C236905274,47434.43,0.0,0,0
305,CASH_OUT,208206.92,C31535200,0.0,0.0,C926296102,463253.32,671460.24,0,0
304,PAYMENT,68445.22,C2121591217,0.0,0.0,M853970408,0.0,0.0,0,0
396,PAYMENT,13938.72,C1679321789,130526.21,116587.49,M1277141060,0.0,0.0,0,0
469,PAYMENT,59879.3,C1461664050,0.0,0.0,M789900452,0.0,0.0,0,0
429,CASH_OUT,37662.92,C82694369,51294.0,13631.08,C967452783,65250.2,102913.12,0,0
227,PAYMENT,5395.08,C673164161,12199.25,6804.18,M1507777640,0.0,0.0,0,0
321,CASH_OUT,348447.03,C2043404794,0.0,0.0,C453524805,2158226.34,2506673.37,0,0
228,CASH_OUT,165467.0,C1150514640,157239.0,0.0,C1497671136,641421.2,806888.2,0,0
375,TRANSFER,1994104.45,C32396950,0.0,0.0,C619099268,9297549.96,11291654.41,0,0
649,TRANSFER,733119.42,C881360677,733119.42,0.0,C41986446,0.0,0.0,1,0
330,CASH_IN,107629.97,C339908333,1323.0,108952.97,C386471466,879585.32,771955.35,0,0
284,CASH_IN,85378.32,C296406229,443394.4,528772.72,C571025795,187699.32,102321.0,0,0
255,CASH_OUT,16045.55,C312447326,10483.0,0.0,C195141672,240553.04,256598.59,0,0
133,CASH_OUT,899782.7,C1241123022,899782.7,0.0,C28614156,106863.62,1006646.32,1,0
157,PAYMENT,9938.22,C386257485,4262.14,0.0,M529786511,0.0,0.0,0,0
629,CASH_OUT,2433009.28,C1384976980,2433009.28,0.0,C1778202045,0.0,2433009.28,1,0
373,CASH_IN,226625.32,C1118641144,8743438.38,8970063.7,C1562909457,332939.58,106314.26,0,0
133,CASH_OUT,488564.28,C610190387,10453.0,0.0,C1587874486,56689.89,545254.18,0,0
283,CASH_OUT,118013.69,C275838784,4881.0,0.0,C1317056595,106731.31,224745.0,0,0
42,PAYMENT,18775.68,C1877263605,21405.0,2629.32,M2052331464,0.0,0.0,0,0
46,TRANSFER,1069568.21,C1506437984,0.0,0.0,C984525680,1310112.46,2379680.67,0,0
371,PAYMENT,3020.55,C1391406114,106066.48,103045.93,M1228268520,0.0,0.0,0,0
43,PAYMENT,5604.06,C834322666,678.0,0.0,M356217902,0.0,0.0,0,0
122,TRANSFER,355832.18,C1216944789,355832.18,0.0,C1450080654,0.0,0.0,1,0
170,CASH_OUT,2612915.2,C382837005,2612915.2,0.0,C386229497,7374588.54,9987503.74,1,0
253,CASH_OUT,212110.38,C1459231516,73721.0,0.0,C1493686858,0.0,212110.38,0,0
204,PAYMENT,47789.82,C1674067005,0.0,0.0,M600214964,0.0,0.0,0,0
260,PAYMENT,1157.32,C2099350057,1359720.42,1358563.1,M1584341980,0.0,0.0,0,0
308,CASH_OUT,187748.65,C1223615529,576.0,0.0,C56260824,1122616.52,1310365.16,0,0
256,PAYMENT,1782.2,C478248599,0.0,0.0,M1712107461,0.0,0.0,0,0
203,TRANSFER,168115.28,C1270565529,0.0,0.0,C1261992394,3118053.08,3286168.36,0,0
254,CASH_OUT,106225.81,C1604869412,10070.0,0.0,C789793508,64694.73,170920.54,0,0
163,CASH_OUT,133521.21,C662122245,79033.0,0.0,C1919178439,4678567.45,4812088.66,0,0
328,CASH_OUT,43814.15,C1113533628,43814.15,0.0,C664038638,4177401.35,4221215.5,1,0
403,CASH_OUT,210303.23,C1557464407,118897.0,0.0,C1502954195,0.0,210303.23,0,0
226,PAYMENT,38464.56,C1156343628,0.0,0.0,M428745484,0.0,0.0,0,0
397,CASH_OUT,141602.69,C319836148,0.0,0.0,C1103995349,2960177.62,3101780.31,0,0
207,TRANSFER,375837.43,C225663586,694.0,0.0,C1317586615,1570883.89,1946721.32,0,0
394,CASH_OUT,310509.13,C880303534,0.0,0.0,C1459700758,1067043.06,1377552.19,0,0
139,CASH_IN,95176.37,C1711762790,4796677.85,4891854.22,C1315729466,7180517.87,7085341.5,0,0
44,CASH_OUT,378323.49,C1403597449,0.0,0.0,C640672953,572684.54,951008.03,0,0
277,TRANSFER,876624.7,C967452852,2939.99,0.0,C709613653,7231903.33,8108528.03,0,0
228,PAYMENT,16639.14,C1638558415,470412.86,453773.72,M206841948,0.0,0.0,0,0
184,CASH_OUT,448615.14,C636705645,164648.0,0.0,C35078333,933334.43,1381949.57,0,0
15,CASH_OUT,52029.6,C46422538,0.0,0.0,C114651308,320098.68,372128.28,0,0
227,PAYMENT,95691.51,C387964625,670.0,0.0,M1878598176,0.0,0.0,0,0
284,CASH_IN,380047.47,C1466633102,6699921.85,7079969.32,C1228331853,1371221.62,1503257.62,0,0
596,CASH_IN,130998.06,C834022824,5261.0,136259.06,C1353732043,1667067.04,1536068.98,0,0
403,CASH_IN,116005.75,C438883687,61723.0,177728.75,C1525847242,521904.16,405898.41,0,0
327,TRANSFER,1559455.64,C1991122338,0.0,0.0,C419219605,1948433.91,3507889.55,0,0
181,CASH_OUT,321915.3,C1319918812,68695.0,0.0,C538556851,0.0,321915.3,0,0
356,CASH_OUT,130307.46,C104788701,4970.84,0.0,C399946261,641360.65,771668.11,0,0
227,PAYMENT,11291.15,C1583027228,0.0,0.0,M35448174,0.0,0.0,0,0
374,CASH_OUT,229571.79,C1899730044,0.0,0.0,C1727991265,1378965.29,1608537.08,0,0
256,CASH_IN,278201.01,C2042559154,84189.0,362390.01,C1260550335,480314.18,202113.17,0,0
322,CASH_OUT,160331.56,C522890931,0.0,0.0,C1365216600,956999.04,1117330.61,0,0
178,CASH_IN,15812.14,C795232383,2221346.95,2237159.09,C1588048724,49854.05,34041.91,0,0
282,PAYMENT,6569.02,C1610300890,0.0,0.0,M544518099,0.0,0.0,0,0
129,CASH_IN,72197.21,C1035975616,35111.0,107308.21,C506735117,446192.6,373995.39,0,0
129,CASH_IN,112004.98,C510498894,757049.95,869054.94,C307052675,449786.85,337781.86,0,0
526,CASH_IN,29668.39,C1316882819,5373802.72,5403471.12,C184679547,341988.01,312319.62,0,0
284,PAYMENT,10513.44,C2043207643,36484.0,25970.56,M1189465937,0.0,0.0,0,0
404,PAYMENT,12142.49,C2090947260,0.0,0.0,M1558991617,0.0,0.0,0,0
141,CASH_OUT,71646.62,C1399807380,0.0,0.0,C1722799068,429027.11,500673.73,0,0
211,TRANSFER,1611751.27,C113989586,0.0,0.0,C835534799,1720949.69,3332700.96,0,0
600,CASH_OUT,3455440.17,C2035809060,3455440.17,0.0,C1375290514,333449.12,3788889.29,1,0
41,CASH_OUT,99167.88,C1524730410,30570.0,0.0,C446755339,176143.6,485833.25,0,0
373,CASH_OUT,141410.98,C767066926,141410.98,0.0,C1291704939,594609.75,736020.74,1,0
143,PAYMENT,2431.54,C1926131484,0.0,0.0,M2044467203,0.0,0.0,0,0
68,CASH_OUT,13890.42,C1020850249,13890.42,0.0,C381876590,0.0,13890.42,1,0
688,PAYMENT,8964.91,C558243297,215613.0,206648.09,M1693781940,0.0,0.0,0,0
347,CASH_OUT,293915.04,C429432393,216348.8,0.0,C1736280220,30684.11,324599.15,0,0
65,CASH_OUT,446032.95,C289101217,446032.95,0.0,C514505298,205977.41,652010.36,1,0
44,CASH_OUT,105392.59,C618819652,29.0,0.0,C1139256452,124889.92,230282.52,0,0
41,CASH_OUT,359163.85,C1151251319,62412.0,0.0,C1423187682,0.0,359163.85,0,0
257,CASH_IN,99907.21,C865604074,3596330.45,3696237.66,C1481721112,103063.11,3155.91,0,0
351,CASH_OUT,129774.6,C137630233,0.0,0.0,C832856555,1123372.38,1253146.98,0,0
347,CASH_OUT,69269.27,C931631451,11105.0,0.0,C1294874354,3205585.83,3274855.1,0,0
276,CASH_IN,305460.75,C973425577,331712.0,637172.75,C1548466054,10711.0,0.0,0,0
19,CASH_IN,222912.13,C1063747705,9515869.36,9738781.5,C1859125434,272168.9,49256.77,0,0
405,CASH_OUT,337586.17,C1451495589,170737.36,0.0,C1795424301,1803240.86,2140827.03,0,0
163,CASH_IN,203290.67,C1968770919,6430846.83,6634137.5,C1180379126,1571681.96,1368391.29,0,0
358,CASH_OUT,40898.35,C1036688995,31205.0,0.0,C1076348988,382548.92,423447.28,0,0
8,PAYMENT,6220.59,C1645257219,281402.58,275181.99,M215684470,0.0,0.0,0,0
186,PAYMENT,17422.32,C814601315,91858.0,74435.68,M1532156329,0.0,0.0,0,0
358,CASH_IN,434929.94,C2129570115,402296.37,837226.32,C550957015,961641.08,526711.14,0,0
211,CASH_IN,135738.57,C841866353,164009.0,299747.57,C899673855,526339.02,390600.46,0,0
306,CASH_OUT,63394.13,C359604937,1412.0,0.0,C1019205383,1694106.73,1757500.86,0,0
45,CASH_IN,184767.53,C1655256552,1036595.12,1221362.65,C363256490,7673834.98,7489067.44,0,0
134,CASH_OUT,304564.33,C269633552,0.0,0.0,C1032678407,572126.3,876690.63,0,0
19,TRANSFER,329043.36,C1814555699,30378.0,0.0,C1630103741,617643.65,946687.0,0,0
19,PAYMENT,21042.93,C275448439,8822.0,0.0,M210726671,0.0,0.0,0,0
379,CASH_IN,96376.33,C33786543,12290.0,108666.33,C2092863174,0.0,0.0,0,0
140,PAYMENT,9999.58,C376330334,0.0,0.0,M1191463032,0.0,0.0,0,0
326,CASH_IN,193404.97,C409277966,1812587.38,2005992.35,C2055954122,4088391.93,3894986.96,0,0
276,CASH_OUT,209962.0,C1744669222,51335.0,0.0,C1156825669,0.0,209962.0,0,0
299,PAYMENT,29169.41,C1419485102,10085.0,0.0,M1874057520,0.0,0.0,0,0
523,CASH_OUT,921894.19,C1069707218,921894.19,0.0,C1691436572,523285.83,1445180.02,1,0
44,CASH_OUT,155447.85,C790852112,40042.0,0.0,C992456816,0.0,300552.22,0,0
306,CASH_OUT,105114.63,C36723943,0.0,0.0,C714199225,2237148.85,2342263.48,0,0
347,CASH_OUT,316267.17,C2119989207,41349.0,0.0,C176163754,4734954.96,5051222.12,0,0
369,TRANSFER,178711.0,C2117674554,0.0,0.0,C420583734,354614.14,533325.15,0,0
463,TRANSFER,1968008.53,C1548769886,1968008.53,0.0,C1779956771,0.0,0.0,1,0
484,TRANSFER,67692.41,C1373191789,67692.41,0.0,C542398643,0.0,0.0,1,0
307,CASH_IN,206834.7,C133270566,7176310.02,7383144.72,C1097211613,1456944.51,1250109.81,0,0
21,CASH_OUT,81657.63,C399265789,122887.0,41229.37,C1167649015,865256.64,946914.26,0,0
36,CASH_IN,249319.28,C1076469449,204218.0,453537.28,C750152244,261688.77,12369.5,0,0
205,TRANSFER,1104607.57,C1604981917,406.0,0.0,C1941741284,1205631.42,2310238.99,0,0
396,CASH_OUT,73130.33,C1092307476,3069.0,0.0,C510444539,418079.96,491210.29,0,0
306,CASH_OUT,2052851.64,C2044685006,2052851.64,0.0,C1035537848,2785850.47,4838702.12,1,0
165,CASH_IN,41643.11,C207240486,26014.0,67657.11,C1948712022,8038838.46,7997195.34,0,0
379,TRANSFER,503410.28,C765229270,126790.0,0.0,C89775298,61033.42,564443.7,0,0
528,TRANSFER,392767.71,C612108923,392767.71,0.0,C1962731404,0.0,0.0,1,0
15,CASH_OUT,46315.95,C411912723,21659.0,0.0,C111776190,54848.37,101164.31,0,0
225,CASH_OUT,92054.88,C223958839,19.0,0.0,C2121938807,2428499.31,2520554.19,0,0
308,TRANSFER,579145.99,C411069455,0.0,0.0,C445487316,635578.96,1214724.96,0,0
212,PAYMENT,88.83,C410357637,22728.0,22639.17,M1437985160,0.0,0.0,0,0
584,CASH_OUT,1016081.0,C1819971579,1016081.0,0.0,C1976692197,0.0,1016081.0,1,0
188,CASH_OUT,116153.61,C37963074,593481.13,477327.52,C228193875,1297032.99,1413186.6,0,0
164,CASH_OUT,174979.87,C986178726,0.0,0.0,C356528796,431392.3,606372.17,0,0
544,PAYMENT,41813.93,C692982438,0.0,0.0,M709563856,0.0,0.0,0,0
141,CASH_IN,140174.89,C200488865,108175.0,248349.89,C1205789727,302076.01,161901.13,0,0
158,CASH_OUT,283459.3,C893518245,0.0,0.0,C33686349,1243188.2,1526647.5,0,0
26,PAYMENT,5211.16,C1732788351,31682.0,26470.84,M742067003,0.0,0.0,0,0
207,CASH_IN,143444.56,C1905433437,1662806.07,1806250.63,C1550119911,318427.87,174983.31,0,0
610,CASH_OUT,633459.44,C1784566970,633459.44,0.0,C557127820,0.0,633459.44,1,0
353,CASH_OUT,251071.19,C1108129447,0.0,0.0,C829686084,359446.59,610517.78,0,0
209,TRANSFER,469241.2,C1864553103,0.0,0.0,C1757486930,11773016.73,12242257.93,0,0
297,CASH_IN,193712.02,C1966630740,269374.0,463086.02,C1245462841,89829.34,0.0,0,0
354,PAYMENT,3245.35,C1111467269,0.0,0.0,M964186697,0.0,0.0,0,0
522,CASH_OUT,239820.87,C2123039293,84041.0,0.0,C804873072,493589.16,733410.03,0,0
147,CASH_OUT,1137603.28,C507008752,1137603.28,0.0,C1280720462,101685.4,1239288.68,1,0
371,CASH_OUT,385804.27,C303006279,0.0,0.0,C887611110,3068073.17,3453877.45,0,0
239,PAYMENT,11607.54,C2131127684,117590.0,105982.46,M750648215,0.0,0.0,0,0
177,CASH_IN,284771.01,C975160061,24411548.67,24696319.68,C401069219,960665.12,675894.11,0,0
282,PAYMENT,2008.77,C2068298426,14916.0,12907.23,M327184531,0.0,0.0,0,0
9,CASH_IN,61564.53,C1307234590,3572219.44,3633783.97,C222626841,100664.0,0.0,0,0
253,CASH_OUT,690510.31,C1587643191,690510.31,0.0,C1346914355,53206.61,743716.92,1,0
300,CASH_IN,583353.83,C2016388736,118610.0,701963.83,C1342561802,143236.32,0.0,0,0
130,PAYMENT,19443.18,C1725174564,0.0,0.0,M1195153215,0.0,0.0,0,0
179,CASH_IN,228343.81,C570964407,5035285.25,5263629.06,C1914650190,2054217.66,1825873.85,0,0
51,CASH_OUT,339275.64,C433192438,339275.64,0.0,C1002469873,1481576.03,1820851.68,1,0
84,CASH_OUT,296349.8,C1518895613,296349.8,0.0,C315643365,0.0,296349.8,1,0
347,PAYMENT,24606.36,C2110825031,40115.0,15508.64,M937975904,0.0,0.0,0,0
329,CASH_IN,119046.19,C1260908305,4658865.82,4777912.01,C491329199,148888.71,29842.52,0,0
280,CASH_IN,151451.77,C2127385656,16989.0,168440.77,C509950838,1089593.26,938141.49,0,0
135,PAYMENT,10372.25,C1289333560,0.0,0.0,M142266513,0.0,0.0,0,0
12,CASH_IN,163744.94,C920554230,110.0,163854.94,C266819230,0.0,0.0,0,0
163,PAYMENT,3601.87,C1581890117,223640.36,220038.49,M977072288,0.0,0.0,0,0
332,PAYMENT,29115.43,C875794643,0.0,0.0,M1611386847,0.0,0.0,0,0
134,CASH_OUT,230807.58,C13633784,51052.0,0.0,C1631554045,1328079.62,1558887.2,0,0
12,CASH_OUT,2007.0,C1331829443,2007.0,0.0,C127509847,129917.8,250910.76,1,0
17,CASH_OUT,305627.0,C1600031018,305627.0,0.0,C1971951800,7699847.16,8005474.16,1,0
305,PAYMENT,6660.02,C1742152286,21093.0,14432.98,M1285117474,0.0,0.0,0,0
38,TRANSFER,361798.4,C1803956101,0.0,0.0,C1360650266,1572816.83,2105212.4,0,0
231,CASH_OUT,13962.0,C1577946828,13962.0,0.0,C924652155,0.0,13962.0,1,0
321,PAYMENT,4241.69,C1413674447,8356.0,4114.31,M6642903,0.0,0.0,0,0
400,TRANSFER,1250725.7,C2026964797,0.0,0.0,C1661942694,3429057.69,4679783.39,0,0
297,PAYMENT,13814.5,C449727048,0.0,0.0,M214467898,0.0,0.0,0,0
13,CASH_IN,67973.52,C2115950444,9873160.94,9941134.47,C1507431362,2201699.9,2133726.38,0,0
159,PAYMENT,7178.72,C1287878816,0.0,0.0,M385263265,0.0,0.0,0,0
356,CASH_OUT,221419.06,C2110403317,2051.0,0.0,C2034694149,0.0,221419.06,0,0
276,CASH_IN,157650.51,C1692380324,4174.0,161824.51,C580319947,0.0,0.0,0,0
326,TRANSFER,540841.31,C1122516309,0.0,0.0,C1028553488,1131053.27,1671894.57,0,0
231,CASH_OUT,267225.81,C1235523465,234815.0,0.0,C1664456016,0.0,267225.81,0,0
452,CASH_OUT,1138384.29,C254541375,1138384.29,0.0,C135531312,0.0,1138384.29,1,0
4,CASH_OUT,169941.73,C2026325575,169941.73,0.0,C1394526584,0.0,169941.73,1,0
393,PAYMENT,8622.61,C1981548575,255621.98,246999.37,M1433553481,0.0,0.0,0,0
18,TRANSFER,2620180.97,C1707546619,0.0,0.0,C1116915569,3193881.39,5814062.35,0,0
37,CASH_IN,19768.16,C650362506,10842.0,30610.16,C1699190372,2752121.0,2892925.14,0,0
371,TRANSFER,261483.95,C87084944,0.0,0.0,C1096974825,401163.94,662647.89,0,0
301,CASH_OUT,197802.38,C1219079176,1183.0,0.0,C1378696447,34012.88,231815.26,0,0
398,CASH_OUT,354473.49,C1841635854,110553.0,0.0,C2012982794,39282.0,393755.49,0,0
193,CASH_OUT,18951.81,C1711399310,0.0,0.0,C1368158319,1441475.61,1460427.42,0,0
135,PAYMENT,23165.85,C1964092943,196925.29,173759.44,M1310474642,0.0,0.0,0,0
189,PAYMENT,5061.51,C1396107666,116308.83,111247.32,M426264611,0.0,0.0,0,0
177,CASH_IN,29170.95,C49680252,27244586.74,27273757.69,C349628597,173250.31,144079.36,0,0
134,PAYMENT,28503.9,C1063871750,122956.0,94452.1,M104413741,0.0,0.0,0,0
227,CASH_OUT,89933.66,C1401297637,0.0,0.0,C1880299495,298878.19,388811.85,0,0
17,PAYMENT,37221.36,C1821558358,0.0,0.0,M488033812,0.0,0.0,0,0
258,TRANSFER,158402.55,C1462203668,51265.0,0.0,C438606728,85455.19,243857.75,0,0
214,PAYMENT,7796.95,C19673661,1357.06,0.0,M859541526,0.0,0.0,0,0
179,PAYMENT,32807.13,C308671241,44504.0,11696.87,M1115708598,0.0,0.0,0,0
379,PAYMENT,21200.86,C162944163,259.0,0.0,M1968132710,0.0,0.0,0,0
711,CASH_OUT,219407.52,C1586194508,219407.52,0.0,C675616204,197970.87,417378.38,1,0
370,TRANSFER,4813360.94,C1507385892,11805.0,0.0,C581514647,183396.6,4996757.54,0,0
261,CASH_OUT,172285.02,C469345442,5739.96,0.0,C2082754754,2030488.09,2202773.1,0,0
404,PAYMENT,20378.51,C2090190340,139200.2,118821.69,M76680440,0.0,0.0,0,0
20,PAYMENT,8197.85,C2137531775,0.0,0.0,M1396655875,0.0,0.0,0,0
34,CASH_IN,106971.45,C873380578,109.0,107080.45,C1687624920,744902.95,645770.92,0,0
15,CASH_OUT,149550.9,C616081026,6133.0,0.0,C1388523369,30008.0,5081.08,0,0
308,PAYMENT,27880.53,C34185883,0.0,0.0,M2142850649,0.0,0.0,0,0
181,CASH_OUT,1644749.94,C860545419,1644749.94,0.0,C1340521967,421619.2,2066369.14,1,0
232,CASH_IN,329709.12,C74278841,41615.0,371324.12,C883183000,310921.19,0.0,0,0
354,PAYMENT,12382.74,C16197383,0.0,0.0,M927921929,0.0,0.0,0,0
228,CASH_OUT,339471.05,C2126032603,20046.0,0.0,C1059498005,0.0,339471.05,0,0
285,CASH_OUT,411566.7,C1569480629,411566.7,0.0,C2034688327,0.0,411566.7,1,0
273,PAYMENT,2504.49,C1751121694,6601.0,4096.51,M400954570,0.0,0.0,0,0
14,CASH_OUT,326824.96,C2120152501,0.0,0.0,C229771192,332024.74,216855.17,0,0
370,CASH_OUT,75747.0,C1371110443,0.0,0.0,C1970483630,582247.39,657994.38,0,0
621,PAYMENT,19280.0,C1435075048,80755.66,61475.66,M1496390147,0.0,0.0,0,0
188,PAYMENT,5593.04,C782696986,0.0,0.0,M2112731401,0.0,0.0,0,0
12,PAYMENT,26910.11,C1517133448,797349.76,770439.64,M1320591670,0.0,0.0,0,0
355,DEBIT,1147.2,C154417787,10460.0,9312.8,C1136169469,1872518.71,1873665.91,0,0
302,CASH_IN,50425.26,C320407971,24866707.94,24917133.2,C1170625225,116361.2,65935.94,0,0
240,TRANSFER,806850.06,C321712696,806850.06,0.0,C1645115422,0.0,0.0,1,0
259,TRANSFER,876775.28,C1304311153,0.0,0.0,C2042314152,1751439.21,2628214.5,0,0
187,CASH_IN,56861.17,C627940719,15819667.1,15876528.27,C185509641,141184.89,84323.72,0,0
370,CASH_IN,647024.6,C144858804,7145605.7,7792630.29,C948585795,3108312.15,2461287.55,0,0
276,CASH_OUT,616168.58,C569943416,0.0,0.0,C1875695567,1150248.9,1766417.49,0,0
384,CASH_OUT,56517.37,C2046050262,56517.37,0.0,C1102636619,0.0,56517.37,1,0
231,CASH_OUT,94372.61,C1451318490,0.0,0.0,C421443093,471783.48,566156.08,1,0
36,CASH_IN,168949.8,C1213267449,9732499.58,9901449.38,C99159948,294121.43,125171.63,0,0
231,CASH_OUT,428598.13,C1995266470,6089.0,0.0,C2131367053,3971146.22,4399744.35,0,0
231,CASH_OUT,170951.87,C1234700724,70663.0,0.0,C1028553488,879116.45,1050068.32,0,0
229,CASH_OUT,339698.23,C868039800,7830.0,0.0,C666982277,0.0,339698.23,0,0
405,CASH_OUT,49094.42,C1575935096,238363.0,189268.58,C482260186,0.0,49094.42,0,0
331,CASH_OUT,22375.59,C460825196,0.0,0.0,C1459366994,133891.27,156266.86,0,0
46,TRANSFER,785187.81,C2030880508,0.0,0.0,C642542160,3311417.52,4096605.33,0,0
354,CASH_OUT,12633.62,C1207493089,462918.96,450285.34,C938918573,795653.1,808286.72,0,0
304,CASH_OUT,139867.83,C528242588,10757.0,0.0,C972488184,114011.85,253879.69,0,0
526,PAYMENT,23924.81,C1574273651,27145.45,3220.64,M1550001932,0.0,0.0,0,0
380,PAYMENT,8613.53,C249028277,0.0,0.0,M183214564,0.0,0.0,0,0
330,CASH_IN,125677.33,C1856898894,41905.0,167582.33,C926460514,199765.86,74088.53,0,0
119,CASH_OUT,224913.14,C1498577424,224913.14,0.0,C1275981046,1063073.21,1287986.36,1,0
91,CASH_OUT,28308.97,C1851254039,28308.97,0.0,C1151857075,0.0,28308.97,1,0
349,PAYMENT,4962.14,C402040920,142860.01,137897.87,M582486744,0.0,0.0,0,0
596,PAYMENT,2446.63,C476264129,31677.0,29230.37,M617820713,0.0,0.0,0,0
236,CASH_OUT,255492.94,C610920306,0.0,0.0,C133999906,409964.04,665456.98,0,0
134,CASH_OUT,149884.63,C1721396917,47463.0,0.0,C1204639520,13047.88,162932.5,0,0
17,CASH_OUT,108744.58,C1456255960,0.0,0.0,C598051394,3438310.82,3547055.4,0,0
227,CASH_OUT,180584.79,C2021361139,0.0,0.0,C1830512512,210602.17,673365.88,0,0
354,PAYMENT,3359.27,C1214591787,12568.0,9208.73,M440022735,0.0,0.0,0,0
19,PAYMENT,87.94,C1630599389,15440.0,15352.06,M1409518984,0.0,0.0,0,0
258,PAYMENT,12272.51,C2019647057,0.0,0.0,M709470215,0.0,0.0,0,0
495,CASH_OUT,255286.59,C1873655308,255286.59,0.0,C445308859,0.0,255286.59,1,0
726,TRANSFER,9065.44,C1416286172,9065.44,0.0,C1369860809,0.0,0.0,1,0
187,CASH_OUT,56685.1,C1369927071,107549.0,50863.9,C227971981,0.0,56685.1,0,0
379,TRANSFER,453561.33,C729174044,0.0,0.0,C250767848,1050686.01,1504247.34,0,0
61,TRANSFER,475368.94,C397354505,475368.94,0.0,C320276503,0.0,0.0,1,0
345,CASH_OUT,280424.03,C886630767,4025.0,0.0,C2073502497,14345.5,294769.53,0,0
202,CASH_OUT,108217.69,C1979210432,0.0,0.0,C1243478584,526262.08,634479.76,0,0
256,CASH_OUT,190510.76,C198248717,247.0,0.0,C1789048570,0.0,190510.76,0,0
138,CASH_IN,254552.44,C842960966,846323.53,1100875.96,C1765405234,927572.98,673020.54,0,0
285,CASH_OUT,15285.61,C1958321274,22903.0,7617.39,C2050971032,504252.42,519538.03,0,0
401,CASH_OUT,343153.08,C1161631184,0.0,0.0,C510845875,1353683.23,1696836.31,0,0
17,CASH_OUT,99037.59,C694053095,104966.0,5928.41,C2132815488,0.0,99037.59,0,0
397,CASH_OUT,351229.54,C123160671,217.0,0.0,C377175124,249041.86,600271.4,0,0
254,CASH_OUT,11746.5,C1265429534,741.0,0.0,C1338381054,0.0,11746.5,0,0
726,TRANSFER,765104.94,C106165599,765104.94,0.0,C423074299,0.0,0.0,1,0
184,PAYMENT,5920.49,C614746553,183122.52,177202.03,M589598189,0.0,0.0,0,0
279,CASH_OUT,345533.89,C370789557,345533.89,0.0,C148096714,501951.83,847485.72,1,0
306,TRANSFER,226434.59,C1040413742,0.0,0.0,C1142318514,941548.22,1167982.81,0,0
43,CASH_IN,110730.46,C631050347,15194071.78,15304802.23,C2013168297,1076601.98,965871.52,0,0
181,CASH_OUT,134407.83,C782852305,0.0,0.0,C861024751,205082.09,484709.52,0,0
208,CASH_OUT,165804.19,C1651125140,9268.0,0.0,C1283053040,0.0,165804.19,0,0
308,CASH_OUT,40540.68,C2026218522,170.0,0.0,C232209603,0.0,40540.68,0,0
306,TRANSFER,1099090.4,C2028693212,0.0,0.0,C640186620,1640432.38,2739522.79,0,0
136,PAYMENT,34038.39,C323524980,4273.26,0.0,M532330127,0.0,0.0,0,0
11,CASH_IN,24386.79,C962571305,15686.0,40072.79,C1480968030,618611.81,594225.02,0,0
523,CASH_OUT,25819.42,C1377632018,25819.42,0.0,C20127425,0.0,25819.42,1,0
186,CASH_OUT,63763.15,C846998233,5042.0,0.0,C259102809,3543309.63,3607072.78,0,0
229,CASH_IN,90270.51,C1324574154,244393.0,334663.51,C510660094,1140987.58,983679.4,0,0
283,CASH_OUT,293564.12,C863856455,0.0,0.0,C519164214,632235.69,925799.81,0,0
157,PAYMENT,16192.07,C1397764054,472307.98,456115.91,M293571434,0.0,0.0,0,0
395,PAYMENT,35306.14,C104817692,0.0,0.0,M2032247145,0.0,0.0,0,0
230,PAYMENT,9644.75,C734540497,0.0,0.0,M2081419024,0.0,0.0,0,0
9,CASH_OUT,100901.14,C1605272201,953603.4,852702.26,C1297804967,109405.85,965413.61,0,0
15,CASH_OUT,137975.69,C1440779598,0.0,0.0,C204770061,4620092.99,6086409.98,0,0
303,PAYMENT,1228.04,C1743107176,0.0,0.0,M592254501,0.0,0.0,0,0
569,TRANSFER,51416.07,C1275321415,51416.07,0.0,C1417015196,0.0,0.0,1,0
577,PAYMENT,1084.44,C29920731,34891.0,33806.56,M2101004154,0.0,0.0,0,0
608,CASH_IN,122554.5,C943451925,6931444.18,7053998.68,C60064665,1261510.53,1138956.03,0,0
157,CASH_OUT,431356.55,C1540105290,431356.55,0.0,C349350443,2787800.23,3219156.78,1,0
400,PAYMENT,5672.45,C1778167693,0.0,0.0,M1357685531,0.0,0.0,0,0
404,TRANSFER,183718.13,C1425175215,21765.0,0.0,C75677699,95929.86,279647.99,0,0
402,PAYMENT,22182.06,C238578270,0.0,0.0,M667357417,0.0,0.0,0,0
332,CASH_OUT,202723.08,C442484580,0.0,0.0,C305987375,1623672.06,1826395.13,0,0
167,CASH_IN,162181.09,C1531315846,931248.37,1093429.46,C381068746,1433125.21,1270944.12,0,0
311,CASH_IN,39811.85,C1525310569,13023969.4,13063781.26,C1743140986,588208.76,548396.91,0,0
212,CASH_OUT,193535.05,C1963752374,0.0,0.0,C1040153466,407056.04,600591.09,0,0
407,PAYMENT,8722.77,C2128014432,428.0,0.0,M509733418,0.0,0.0,0,0
229,CASH_OUT,374675.7,C340112978,113315.41,0.0,C1588754258,660338.2,1035013.9,0,0
249,TRANSFER,95924.49,C1217551940,0.0,0.0,C787182258,126124.14,222048.63,0,0
17,PAYMENT,9481.91,C709940546,0.0,0.0,M2107306221,0.0,0.0,0,0
352,CASH_IN,135063.32,C1952039770,193613.57,328676.89,C138685688,2988992.47,2853929.16,0,0
275,PAYMENT,11841.97,C1082185762,104604.0,92762.03,M350447892,0.0,0.0,0,0
379,CASH_OUT,363814.02,C862543996,0.0,0.0,C644188111,3048148.58,3411962.59,0,0
243,TRANSFER,5044147.53,C1739527181,5044147.53,0.0,C1704299654,0.0,0.0,1,0
45,CASH_IN,32020.91,C962382517,7473141.42,7505162.33,C397331489,518229.31,486208.4,0,0
379,PAYMENT,6741.93,C1148503958,0.0,0.0,M2137487107,0.0,0.0,0,0
94,PAYMENT,1993.88,C1429508173,349135.0,347141.12,M1663413945,0.0,0.0,0,0
325,TRANSFER,837689.16,C1585343986,3881.0,0.0,C2103447917,0.0,837689.16,0,0
161,PAYMENT,3704.12,C1039278797,0.0,0.0,M1249636896,0.0,0.0,0,0
692,TRANSFER,46072.33,C1599191169,46072.33,0.0,C1035155877,0.0,0.0,1,0
402,CASH_OUT,122277.1,C1302066662,11364.0,0.0,C1641157425,0.0,122277.1,0,0
526,CASH_OUT,606920.11,C998785780,606920.11,0.0,C2120671448,16606636.44,17213556.55,1,0
160,CASH_IN,123668.35,C1721599554,1759275.66,1882944.01,C443724208,1192866.99,1069198.64,0,0
18,CASH_OUT,312201.14,C1152221152,202.0,0.0,C1833711508,0.0,385623.27,0,0
163,CASH_OUT,1082.74,C545287602,533206.0,532123.26,C112279815,243743.87,244826.61,0,0
185,PAYMENT,2844.4,C316385422,25248.0,22403.6,M675202396,0.0,0.0,0,0
10,PAYMENT,3106.19,C719148876,23066.0,19959.81,M1433099106,0.0,0.0,0,0
351,TRANSFER,138854.49,C1416738045,0.0,0.0,C1077856570,769436.83,908291.31,0,0
371,PAYMENT,466.67,C766725250,411040.28,410573.61,M712379507,0.0,0.0,0,0
597,TRANSFER,208757.66,C513370342,27714.27,0.0,C1828916873,3222280.8,3431038.45,0,0
8,PAYMENT,14321.4,C1230716384,180981.93,166660.53,M1387003338,0.0,0.0,0,0
16,CASH_OUT,119160.63,C2098200450,6041.0,0.0,C1210972064,0.0,119160.63,0,0
456,TRANSFER,10000000.0,C1807237119,10585396.14,585396.14,C1910239392,0.0,0.0,1,0
368,CASH_OUT,199414.45,C1712549867,199414.45,0.0,C359165677,0.0,199414.45,1,0
305,CASH_IN,166419.02,C1874026927,70718.0,237137.02,C808636063,1068325.71,901906.69,0,0
11,PAYMENT,23771.68,C741189648,8134.0,0.0,M239246347,0.0,0.0,0,0
205,CASH_OUT,198239.04,C1605889892,0.0,0.0,C184536845,267043.14,465282.19,0,0
217,CASH_IN,120486.7,C1506032399,3421901.23,3542387.92,C537326748,7284999.93,7164513.23,0,0
276,PAYMENT,15189.74,C2089262791,55797.0,40607.26,M816654082,0.0,0.0,0,0
191,PAYMENT,7647.9,C977810065,193412.0,185764.1,M1059118259,0.0,0.0,0,0
448,TRANSFER,14133.69,C1634310470,14133.69,0.0,C826378920,0.0,0.0,1,0
149,TRANSFER,7188425.25,C1962597060,7188425.25,0.0,C103010660,0.0,0.0,1,0
400,CASH_IN,156435.68,C2117362484,5056011.2,5212446.87,C1337669302,797966.89,641531.22,0,0
328,PAYMENT,22999.07,C1271989314,0.0,0.0,M2034655739,0.0,0.0,0,0
336,CASH_OUT,38115.0,C1960830625,38115.0,0.0,C1755573980,190197.12,228312.12,1,0
42,PAYMENT,7254.21,C1106024435,286842.12,279587.92,M553516536,0.0,0.0,0,0
96,TRANSFER,19366.85,C66057271,87057.0,67690.15,C1978432291,100724.17,120091.02,0,0
331,CASH_OUT,6518.78,C1311007542,0.0,0.0,C1882126191,1402309.78,1282391.1,0,0
204,CASH_OUT,177575.79,C1951746013,19868.0,0.0,C548384456,88819.37,266395.16,0,0
42,CASH_IN,220648.27,C1194353607,1522.0,222170.27,C512175237,0.0,0.0,0,0
90,TRANSFER,703833.48,C199695016,703833.48,0.0,C1584778754,0.0,0.0,1,0
163,CASH_OUT,151023.25,C1859552182,48216.0,0.0,C1350443620,310283.64,461306.89,0,0
324,CASH_OUT,165815.78,C1897966997,0.0,0.0,C1939925875,1475554.23,1641370.01,0,0
370,TRANSFER,894142.95,C2035436040,27487.0,0.0,C323766177,712044.73,1606187.68,0,0
286,TRANSFER,1486235.31,C61453273,0.0,0.0,C817471328,1922408.51,3408643.81,0,0
369,PAYMENT,7621.57,C1866335909,0.0,0.0,M1440822842,0.0,0.0,0,0
18,TRANSFER,421682.17,C701627225,0.0,0.0,C778731861,1816509.7,2238191.88,0,0
186,PAYMENT,21155.78,C939600346,50358.0,29202.22,M1446728144,0.0,0.0,0,0
133,PAYMENT,13843.17,C1518467115,0.0,0.0,M1806997035,0.0,0.0,0,0
596,PAYMENT,12595.68,C1966736771,1207.6,0.0,M510051106,0.0,0.0,0,0
174,TRANSFER,250223.24,C788474412,250223.24,0.0,C1128836138,0.0,0.0,1,0
225,TRANSFER,1811644.7,C1846040454,570319.81,0.0,C1093118629,41093.75,1852738.45,0,0
162,CASH_IN,101336.68,C1443093546,25640.0,126976.68,C1671554064,1073961.63,1110752.18,0,0
42,CASH_OUT,363197.97,C342002480,0.0,0.0,C1142773057,2185261.55,2765032.99,0,0
140,PAYMENT,10193.24,C1051426240,0.0,0.0,M2046157323,0.0,0.0,0,0
210,CASH_OUT,213980.94,C1050969300,0.0,0.0,C1326505862,346892.97,560873.91,0,0
398,PAYMENT,5068.2,C506590417,300435.0,295366.8,M372512482,0.0,0.0,0,0
10,CASH_IN,177455.14,C1355488399,19486912.58,19664367.71,C1508456612,10464008.03,10156917.62,0,0
718,TRANSFER,371449.7,C1572583311,371449.7,0.0,C336176580,0.0,0.0,1,0
217,PAYMENT,2825.39,C1288554943,5026.0,2200.61,M1460778971,0.0,0.0,0,0
595,TRANSFER,353512.55,C741500131,33386.24,0.0,C569675628,12718140.62,13071653.18,0,0
250,CASH_IN,94311.64,C1201551877,4959130.74,5053442.38,C1417272692,155096.13,60784.49,0,0
306,CASH_OUT,253465.98,C1728728051,8349.0,0.0,C837998773,633121.48,886587.47,0,0
255,CASH_IN,199343.51,C1009713681,1031119.15,1230462.66,C914163174,1471022.68,1096840.15,0,0
379,PAYMENT,6238.2,C1609057312,97404.83,91166.62,M2100751105,0.0,0.0,0,0
298,TRANSFER,1749725.83,C424257101,20778.0,0.0,C84542804,812401.5,2562127.34,0,0
346,CASH_OUT,250807.08,C26267186,131132.0,0.0,C1772691607,14431.16,265238.24,0,0
185,TRANSFER,161133.49,C1144652759,0.0,0.0,C1239704948,1472100.99,1633234.48,0,0
253,CASH_IN,99632.77,C369224718,0.0,99632.77,C1363352195,117153.98,17521.21,0,0
305,CASH_OUT,156412.67,C2014460834,108676.0,0.0,C848835421,0.0,156412.67,0,0
187,TRANSFER,2044841.02,C1216424178,2044841.02,0.0,C988753376,0.0,0.0,1,0
93,CASH_IN,368659.79,C1348829376,4476982.34,4845642.12,C470149598,1722723.44,1354063.66,0,0
381,PAYMENT,8770.66,C1784388506,49733.0,40962.34,M999254658,0.0,0.0,0,0
252,CASH_OUT,351870.53,C841199867,11678.0,0.0,C1536521909,109507.8,461378.33,0,0
16,PAYMENT,9392.06,C162191700,201305.09,191913.02,M596140831,0.0,0.0,0,0
372,CASH_OUT,85650.29,C1193202297,0.0,0.0,C1908986666,283486.06,369136.35,0,0
16,TRANSFER,31074.0,C457962127,31074.0,0.0,C614104997,0.0,0.0,1,0
300,CASH_OUT,217239.19,C1315387013,49687.0,0.0,C554648113,617319.57,834558.77,0,0
685,CASH_OUT,1933121.35,C917618384,1933121.35,0.0,C235519584,298353.09,2231474.43,1,0
384,CASH_OUT,69567.45,C1710799677,0.0,0.0,C1855917964,714734.94,784302.39,0,0
353,TRANSFER,1754969.47,C1943655203,906.0,0.0,C1587896711,0.0,1754969.47,0,0
277,CASH_IN,107612.44,C525125487,2972001.03,3079613.47,C330257193,701906.16,594293.72,0,0
160,CASH_OUT,67115.24,C705954145,0.0,0.0,C968617280,74404.77,141520.01,0,0
165,CASH_OUT,137265.07,C1446311477,0.0,0.0,C827906296,1714968.88,1852233.95,0,0
236,CASH_IN,102851.37,C1548424435,102497.0,205348.37,C1238084590,353841.13,250989.75,0,0
13,CASH_OUT,55669.77,C1559034843,0.0,0.0,C1895787281,1462389.34,1518059.12,0,0
383,CASH_IN,114338.44,C1072510722,8910666.36,9025004.8,C148205438,3314075.25,3199736.82,0,0
36,PAYMENT,3242.3,C817568732,11227.57,7985.26,M1405066381,0.0,0.0,0,0
178,TRANSFER,1796069.2,C913178524,1796069.2,0.0,C553554525,0.0,0.0,1,0
258,CASH_OUT,270953.22,C1447118413,91153.0,0.0,C895940524,4123441.44,4394394.66,0,0
41,CASH_OUT,1783144.33,C229433868,1783144.33,0.0,C978822470,1793786.8,3576931.13,1,0
667,CASH_OUT,143644.2,C106397924,0.0,0.0,C1311063981,4044859.59,4188503.78,0,0
374,CASH_OUT,140851.08,C1379010864,111139.0,0.0,C1537282183,390251.0,531102.09,0,0
41,CASH_IN,248089.23,C452512398,341042.46,589131.68,C1136419747,4425978.64,4177889.41,0,0
283,TRANSFER,642928.04,C174051185,0.0,0.0,C2018721775,2179874.31,2822802.35,0,0
304,PAYMENT,2877.6,C1250421297,4318.0,1440.4,M675298464,0.0,0.0,0,0
162,PAYMENT,18936.32,C395721447,0.0,0.0,M405730965,0.0,0.0,0,0
471,CASH_OUT,200625.6,C2095668300,34628.0,0.0,C1160107930,0.0,200625.6,0,0
7,PAYMENT,7813.41,C369042555,118096.0,110282.59,M1905758512,0.0,0.0,0,0
301,PAYMENT,20855.98,C2026597610,686476.12,665620.14,M158658022,0.0,0.0,0,0
466,PAYMENT,32088.83,C181791297,0.0,0.0,M1735689341,0.0,0.0,0,0
186,PAYMENT,2336.24,C1145999068,0.0,0.0,M1060200638,0.0,0.0,0,0
20,PAYMENT,6149.19,C1025929982,76699.04,70549.85,M880910898,0.0,0.0,0,0
116,TRANSFER,1243269.91,C338600181,1243269.91,0.0,C2026102647,0.0,0.0,1,0
39,CASH_IN,17315.21,C813437979,147995.0,165310.21,C714447776,1492692.36,2031506.88,0,0
281,TRANSFER,2554662.97,C325102191,2554662.97,0.0,C1742243055,0.0,0.0,1,0
186,CASH_OUT,252296.06,C1018942461,204984.0,0.0,C423555595,0.0,252296.06,0,0
349,DEBIT,136.75,C1413317200,11728.0,11591.25,C200404881,89152.1,89288.85,0,0
277,CASH_OUT,57926.99,C1659504296,0.0,0.0,C320661599,4168956.33,4226883.32,0,0
42,PAYMENT,13943.05,C1941974725,461978.0,448034.95,M996732537,0.0,0.0,0,0
232,CASH_OUT,155357.74,C599201105,0.0,0.0,C1570905568,439611.23,594968.97,0,0
42,PAYMENT,22501.01,C2051163753,0.0,0.0,M762966042,0.0,0.0,0,0
322,CASH_OUT,73667.38,C520472285,8074.2,0.0,C1454645978,2077730.43,2151397.81,0,0
537,CASH_OUT,81278.73,C58339720,81278.73,0.0,C1656842502,2087033.64,2168312.37,1,0
353,TRANSFER,74455.23,C1092186481,540385.82,465930.6,C810438552,3793144.25,3867599.48,0,0
580,CASH_OUT,282500.69,C750260053,282500.69,0.0,C1495197432,27806.82,310307.51,1,0
334,CASH_OUT,24702.61,C461490911,451017.0,426314.39,C1167582103,1348856.35,1373558.97,0,0
56,TRANSFER,42789.93,C353411083,42789.93,0.0,C803277933,0.0,0.0,1,0
228,CASH_OUT,242271.73,C1790774387,6621.0,0.0,C991782278,2698300.95,2940572.68,0,0
11,CASH_OUT,232575.3,C1060192065,0.0,0.0,C147647618,5970806.29,6289191.07,0,0
41,CASH_IN,221276.91,C932357893,6621550.47,6842827.38,C1802045770,335768.07,114491.16,0,0
401,CASH_OUT,251438.56,C438135900,308242.0,56803.44,C1557855495,0.0,251438.56,0,0
354,PAYMENT,2905.93,C1017354993,16623.0,13717.07,M1629820855,0.0,0.0,0,0
301,PAYMENT,68678.06,C710306177,5694.43,0.0,M1499534110,0.0,0.0,0,0
337,TRANSFER,505580.22,C361536240,505580.22,0.0,C486742057,0.0,0.0,1,0
307,CASH_OUT,125797.28,C1913160465,0.0,0.0,C830657259,367886.94,493684.22,0,0
165,PAYMENT,2928.37,C488966288,0.0,0.0,M182878136,0.0,0.0,0,0
256,CASH_IN,21325.23,C1408934480,2868598.06,2889923.3,C370139565,863047.25,841722.02,0,0
694,CASH_OUT,43094.52,C1877132095,0.0,0.0,C233277451,2642406.85,2685501.38,0,0
596,PAYMENT,1019.55,C777303545,10419.0,9399.45,M603108940,0.0,0.0,0,0
258,PAYMENT,8737.16,C1505751236,296173.26,287436.1,M2099663198,0.0,0.0,0,0
37,PAYMENT,7303.97,C141467899,781114.15,773810.17,M1386010106,0.0,0.0,0,0
375,CASH_IN,388897.33,C1461896066,1220876.05,1609773.38,C2105733042,1537552.58,1148655.25,0,0
94,PAYMENT,7896.93,C791281881,200.0,0.0,M1445560169,0.0,0.0,0,0
37,CASH_OUT,215258.65,C163628069,0.0,0.0,C1505352249,459710.06,674968.71,0,0
522,TRANSFER,1604993.87,C888482697,30158.0,0.0,C607413068,66580.79,1671574.66,0,0
96,CASH_OUT,118983.03,C1641746666,0.0,0.0,C275023312,1033354.53,1152337.56,0,0
211,PAYMENT,610.64,C455269957,106064.0,105453.36,M139755243,0.0,0.0,0,0
354,CASH_IN,16778.23,C180133362,336066.85,352845.08,C273902226,615272.7,598494.47,0,0
380,CASH_OUT,218647.79,C16951197,0.0,0.0,C1632535868,6752453.51,6971101.3,0,0
328,PAYMENT,25355.65,C279575836,0.0,0.0,M271254652,0.0,0.0,0,0
586,CASH_OUT,10000000.0,C701712936,10000000.0,0.0,C704752055,0.0,10000000.0,1,0
304,CASH_IN,260905.27,C1207329602,294545.0,555450.27,C2053405733,0.0,0.0,0,0
138,CASH_OUT,176079.57,C1600292115,17996.0,0.0,C16118324,2095825.82,2271905.39,0,0
400,CASH_IN,614073.39,C1311841054,947773.51,1561846.9,C1049897349,2893756.7,2279683.31,0,0
260,PAYMENT,2891.13,C1032412381,14528.62,11637.49,M1201097249,0.0,0.0,0,0
538,TRANSFER,2136099.59,C913417990,2136099.59,0.0,C1582467338,0.0,0.0,1,0
43,CASH_OUT,105815.53,C1602927083,503.0,0.0,C1697323714,2765557.46,2871372.99,0,0
415,TRANSFER,191834.14,C80491623,191834.14,0.0,C1674773109,0.0,0.0,1,0
232,PAYMENT,14961.26,C1421602951,109009.0,94047.74,M1949375336,0.0,0.0,0,0
235,TRANSFER,485022.48,C1343319722,16098.01,0.0,C2018626597,598861.54,1083884.03,0,0
234,PAYMENT,7721.66,C546819915,293086.57,285364.91,M391106814,0.0,0.0,0,0
371,PAYMENT,3539.15,C950232049,41954.0,38414.85,M557050520,0.0,0.0,0,0
136,CASH_OUT,47828.18,C1970286450,0.0,0.0,C224936639,261133.61,308961.79,0,0
355,PAYMENT,12745.57,C1446892427,20035.86,7290.29,M676375243,0.0,0.0,0,0
43,CASH_IN,112592.14,C1391433304,5834360.35,5946952.49,C557236735,1225996.82,1113404.68,0,0
255,CASH_OUT,165736.02,C444890433,70945.0,0.0,C387729919,0.0,165736.02,0,0
400,CASH_OUT,65474.48,C212319132,0.0,0.0,C1285756334,1720141.63,1785616.11,0,0
204,PAYMENT,23480.64,C1488116881,15633.37,0.0,M1809339528,0.0,0.0,0,0
41,CASH_IN,86493.99,C976352053,6265.0,92758.99,C446364279,8558293.15,8699886.17,0,0
238,CASH_OUT,6375.96,C1977600758,0.0,0.0,C519160413,207637.34,214013.31,0,0
236,CASH_OUT,172534.33,C55751287,153636.0,0.0,C598331995,0.0,172534.33,0,0
400,CASH_IN,223054.74,C1467172686,1192784.36,1415839.11,C1059984433,695463.47,472408.72,0,0
202,CASH_IN,302010.26,C749149985,50080.0,352090.26,C1055348409,3599193.32,3297183.06,0,0
395,PAYMENT,24303.46,C206738173,0.0,0.0,M338036217,0.0,0.0,0,0
130,PAYMENT,25708.79,C1674798309,5081.0,0.0,M569485138,0.0,0.0,0,0
252,PAYMENT,5899.87,C1367747093,6750.2,850.33,M1188182623,0.0,0.0,0,0
300,CASH_OUT,138967.6,C2125559256,0.0,0.0,C4458259,350936.25,489903.85,0,0
285,PAYMENT,10159.29,C1889801909,10717.0,557.71,M1620279546,0.0,0.0,0,0
134,CASH_OUT,363871.19,C1797925170,0.0,0.0,C761699921,5787231.68,6310105.59,0,0
674,CASH_OUT,171651.7,C1811092030,171651.7,0.0,C1174681739,2336193.5,2507845.2,1,0
326,CASH_IN,117334.49,C598229504,1754222.55,1871557.04,C952181189,903567.31,786232.81,0,0
415,TRANSFER,461369.99,C152541672,461369.99,0.0,C14138104,0.0,0.0,1,0
671,CASH_OUT,152724.32,C1062499255,152724.32,0.0,C455705565,0.0,152724.32,1,0
230,CASH_OUT,181276.77,C683160137,34718.0,0.0,C1511764194,426284.96,607561.72,0,0
208,PAYMENT,10706.52,C171160462,0.0,0.0,M364132029,0.0,0.0,0,0
283,CASH_OUT,336092.88,C213502579,0.0,0.0,C629805558,971072.67,1307165.56,0,0
159,CASH_IN,678076.32,C1404499203,15509516.27,16187592.59,C1348886128,4397971.65,3719895.33,0,0
331,CASH_OUT,221719.96,C1280516329,9566.0,0.0,C1462155861,172.0,354396.48,0,0
330,CASH_IN,165382.31,C1006587514,5477807.79,5643190.09,C508783817,566942.5,401560.19,0,0
18,CASH_OUT,295411.33,C1306291970,21.0,0.0,C371536128,15307.55,363767.99,0,0
380,CASH_IN,66411.44,C927682054,3174962.64,3241374.08,C1121000199,165328.78,98917.35,0,0
139,CASH_OUT,6870.73,C1807645154,0.0,0.0,C518773073,1703935.81,1710806.55,0,0
207,PAYMENT,19413.14,C534007882,20467.0,1053.86,M303140923,0.0,0.0,0,0
166,CASH_OUT,37855.55,C83984835,101285.37,63429.83,C1709983447,288913.68,326769.22,0,0
206,PAYMENT,5733.08,C1920439220,14414.48,8681.4,M1214512015,0.0,0.0,0,0
43,CASH_IN,133481.4,C936521332,8289955.79,8423437.2,C1015412095,825033.7,691552.29,0,0
94,CASH_IN,25078.83,C1477092802,396201.0,421279.83,C1098738641,2214170.85,2189092.02,0,0
178,PAYMENT,6923.62,C1706593737,0.0,0.0,M1579221724,0.0,0.0,0,0
377,PAYMENT,9988.92,C1440055586,0.0,0.0,M268321259,0.0,0.0,0,0
208,CASH_OUT,41681.79,C206823090,0.0,0.0,C511541453,1254825.15,1296506.95,0,0
565,CASH_OUT,254947.37,C1850623085,254947.37,0.0,C1632237950,0.0,254947.37,1,0
245,TRANSFER,688034.32,C939293281,688034.32,0.0,C1381364691,0.0,0.0,1,0
378,CASH_OUT,40111.78,C1213140805,0.0,0.0,C624537033,533354.34,573466.11,0,0
236,PAYMENT,19611.63,C103369206,314284.0,294672.37,M1677036944,0.0,0.0,0,0
306,CASH_IN,369219.99,C1015015300,3044257.46,3413477.45,C1819161307,1808147.33,1438927.34,0,0
14,CASH_OUT,59031.41,C469764170,442742.0,383710.59,C1740097951,1132352.17,1458181.27,0,0
204,CASH_OUT,139669.38,C1092808048,0.0,0.0,C923376032,806058.08,945727.46,0,0
320,TRANSFER,148305.3,C792987085,148305.3,0.0,C1731551447,0.0,0.0,1,0
404,CASH_IN,253422.94,C1282356165,8600998.44,8854421.38,C1657294744,1436971.52,1183548.58,0,0
37,CASH_OUT,138135.3,C1293401141,0.0,0.0,C38203678,217009.76,355145.07,0,0
404,TRANSFER,61812.06,C335588036,5701.37,0.0,C201261606,303570.53,365382.58,0,0
402,CASH_OUT,44381.52,C1549061462,0.0,0.0,C1634536278,1854094.41,1898475.93,0,0
212,CASH_OUT,31331.35,C269727872,190997.88,159666.53,C50845137,42750.42,74081.77,0,0
552,CASH_OUT,187049.44,C1160759314,0.0,0.0,C991132191,689824.33,876873.77,0,0
10,CASH_OUT,106974.89,C1233794010,0.0,0.0,C921733929,1356682.31,1463657.2,0,0
204,PAYMENT,21158.62,C134033617,91864.69,70706.06,M287624443,0.0,0.0,0,0
510,CASH_OUT,177137.79,C1805892433,177137.79,0.0,C1785173435,496799.27,673937.06,1,0
236,PAYMENT,6096.2,C51577589,49720.74,43624.54,M237627373,0.0,0.0,0,0
47,TRANSFER,667043.9,C1221718544,667043.9,0.0,C29028630,0.0,0.0,1,0
374,CASH_IN,46952.68,C1247717301,59071.0,106023.68,C2081929019,9494216.4,9447263.72,0,0
394,CASH_OUT,254503.56,C137807382,0.0,0.0,C700512925,2947353.43,3201856.99,0,0
332,CASH_OUT,321530.08,C1976676942,0.0,0.0,C2063749423,2354724.03,2676254.11,0,0
282,CASH_OUT,402178.37,C628258921,0.0,0.0,C1765095134,3477384.89,3879563.26,0,0
168,PAYMENT,14091.74,C239399179,42831.0,28739.26,M1720895613,0.0,0.0,0,0
131,CASH_IN,91017.45,C2061232639,6113270.62,6204288.07,C1386829146,135534.4,44516.95,0,0
378,TRANSFER,1239249.24,C221108194,0.0,0.0,C825196837,2166275.22,3405524.46,0,0
156,PAYMENT,16684.58,C205206633,0.0,0.0,M1899606097,0.0,0.0,0,0
380,PAYMENT,3373.23,C280887418,447.0,0.0,M534064879,0.0,0.0,0,0
122,CASH_OUT,2658595.89,C788747190,2658595.89,0.0,C580774916,286931.14,2945527.03,1,0
280,CASH_OUT,76552.16,C419583591,336947.15,260394.99,C2098865937,123633.42,200185.58,0,0
138,CASH_OUT,73915.96,C1050674495,79963.0,6047.04,C2101932307,0.0,73915.96,0,0
283,PAYMENT,4817.82,C1301799739,60833.0,56015.18,M40929934,0.0,0.0,0,0
43,CASH_OUT,362152.77,C1825250063,362152.77,0.0,C321399553,282809.47,644962.23,1,0
565,CASH_OUT,757401.17,C26257867,757401.17,0.0,C2046532666,465267.97,1222669.13,1,0
260,CASH_OUT,292230.89,C2068440988,0.0,0.0,C1264618361,809360.81,1101591.7,0,0
374,CASH_OUT,58904.01,C2108178151,30346.0,0.0,C507643856,0.0,58904.01,0,0
226,PAYMENT,5319.42,C1464847282,0.0,0.0,M820276451,0.0,0.0,0,0
163,CASH_OUT,354429.5,C226747331,0.0,0.0,C1076016796,944956.03,1148572.54,0,0
362,TRANSFER,10000000.0,C1208192074,17677120.59,7677120.59,C255905586,0.0,0.0,1,0
160,CASH_OUT,334246.57,C575688343,10070.0,0.0,C1463715760,0.0,334246.57,0,0
43,CASH_IN,86071.62,C1169588804,4766990.95,4853062.58,C1650543198,380943.7,294872.08,0,0
139,CASH_IN,135555.95,C356228421,9017.0,144572.95,C1980696731,93508.15,0.0,0,0
305,CASH_OUT,193820.49,C406569295,28720.0,0.0,C1543347574,0.0,193820.49,0,0
187,PAYMENT,5935.11,C1185018069,0.0,0.0,M2035430209,0.0,0.0,0,0
204,CASH_OUT,153612.81,C695823879,10651.0,0.0,C72058351,0.0,153612.81,0,0
232,PAYMENT,2945.59,C879541961,5888.0,2942.41,M693667043,0.0,0.0,0,0
26,CASH_OUT,1027152.36,C1016323653,1027152.36,0.0,C409414944,519428.56,1546580.92,1,0
186,PAYMENT,7499.03,C548718206,253237.0,245737.97,M1488497012,0.0,0.0,0,0
19,PAYMENT,15639.8,C1139718384,0.0,0.0,M1578251224,0.0,0.0,0,0
131,PAYMENT,6076.5,C1673294046,0.0,0.0,M1688439444,0.0,0.0,0,0
321,CASH_IN,101725.04,C1736254814,59794.0,161519.04,C1624408345,964469.57,862744.53,0,0
140,CASH_OUT,105625.29,C2073193191,0.0,0.0,C257007716,435540.04,541165.33,0,0
14,CASH_IN,156266.29,C1803061290,4447937.72,4604204.01,C169402510,620248.51,471161.68,0,0
211,PAYMENT,659.14,C1632741862,0.0,0.0,M1218871867,0.0,0.0,0,0
186,CASH_OUT,284700.68,C217695930,19122.0,0.0,C173322584,8397532.28,8682232.96,0,0
6,CASH_OUT,26768.5,C682812632,26768.5,0.0,C256417920,101976.0,128744.5,1,0
137,CASH_IN,112825.81,C373525718,2762858.06,2875683.87,C938845005,673459.61,560633.81,0,0
236,CASH_OUT,48152.31,C1204973408,0.0,0.0,C1483958435,530656.92,578809.23,0,0
348,CASH_IN,468132.91,C334509617,99018.0,567150.91,C1114883405,2406919.44,1938786.52,0,0
228,PAYMENT,8889.34,C44802909,0.0,0.0,M604738107,0.0,0.0,0,0
44,TRANSFER,1257618.39,C1848237976,0.0,0.0,C658289217,1743129.36,3000747.75,0,0
233,CASH_OUT,204196.14,C1857864423,51421.0,0.0,C759073555,0.0,204196.14,0,0
234,CASH_OUT,104633.31,C1174653163,121908.0,17274.69,C849839777,48292.19,152925.51,0,0
11,CASH_OUT,27244.81,C227802898,378226.0,350981.19,C1179981,0.0,27244.81,0,0
209,CASH_IN,131542.88,C1861068017,1691.0,133233.88,C1433092166,0.0,0.0,0,0
252,CASH_IN,2507.19,C1868445038,2808068.06,2810575.25,C1638971884,306039.7,303532.52,0,0
468,TRANSFER,19952.89,C10974087,19952.89,0.0,C1896366978,0.0,0.0,1,0
378,CASH_OUT,17084.09,C239623104,0.0,0.0,C954633990,768067.04,785151.13,0,0
397,CASH_OUT,206599.41,C341292710,0.0,0.0,C30702406,586837.2,793436.61,0,0
323,TRANSFER,75087.09,C1076097294,0.0,0.0,C1353383819,5093278.68,5168365.76,0,0
249,CASH_OUT,2085019.56,C1108045976,2085019.56,0.0,C50003674,152830.87,2237850.44,1,0
19,CASH_IN,148798.2,C775964576,21122.0,169920.2,C1014208862,1858406.35,1709608.15,0,0
156,PAYMENT,792.09,C1507847599,12102.5,11310.42,M1123870157,0.0,0.0,0,0
370,CASH_OUT,40824.82,C304162964,828.0,0.0,C976578789,6796331.25,6837156.08,0,0
548,CASH_IN,144015.17,C238194254,10253.0,154268.17,C2092923466,334306.11,190290.94,0,0
379,CASH_OUT,165246.48,C1980130413,39601.0,0.0,C744147985,281687.27,446933.76,0,0
355,PAYMENT,218.68,C1413445121,0.0,0.0,M389418215,0.0,0.0,0,0
710,CASH_OUT,7418265.31,C2071540456,7418265.31,0.0,C1519402359,0.0,7418265.31,1,0
281,CASH_IN,346256.66,C1601978319,3116376.07,3462632.72,C1380232763,2935545.96,2589289.3,0,0
328,CASH_OUT,124210.5,C285282333,206025.0,81814.5,C461216130,0.0,124210.5,0,0
326,CASH_OUT,26430.87,C1158372012,273733.4,247302.53,C1451549813,1168706.72,1195137.59,0,0
240,CASH_OUT,208529.03,C1420469302,6346.08,0.0,C1180392851,4291070.62,4499599.65,0,0
229,PAYMENT,14889.44,C136204365,20024.0,5134.56,M2089745990,0.0,0.0,0,0
404,CASH_OUT,10000000.0,C424305014,10000000.0,0.0,C761333500,358443.32,10358443.32,1,0
331,CASH_OUT,18850.81,C1555995997,0.0,0.0,C647344575,402897.4,421748.21,0,0
328,CASH_OUT,218569.53,C304642529,59455.0,0.0,C1559713588,0.0,218569.53,0,0
275,CASH_IN,197279.19,C1565586590,45310.0,242589.19,C621806496,3830074.92,3632795.74,0,0
514,TRANSFER,10000000.0,C642807002,15912204.0,5912204.0,C177097272,0.0,0.0,1,0
140,PAYMENT,4779.35,C1005487935,73215.0,68435.65,M2065196159,0.0,0.0,0,0
43,CASH_IN,56247.4,C1475632943,20601.0,76848.4,C1301088198,483274.95,427027.55,0,0
210,CASH_OUT,7669.83,C1658615996,0.0,0.0,C802131500,11843.47,19513.3,0,0
239,CASH_IN,152219.29,C1709939808,590944.03,743163.32,C1219100298,6465995.63,6313776.34,0,0
404,CASH_OUT,211078.24,C514389324,125.0,0.0,C356139247,140785.34,351863.57,0,0
